Total, Raycast, Update_cache, Inflation, PointCloudNumber, CacheNumber, InflationNumber
0, 0, 0, 0, 7933, 0, 0
0, 0, 0, 0, 8169, 0, 0
0, 0, 0, 0, 8187, 0, 0
0, 0, 0, 0, 8215, 0, 0
0, 0, 0, 0, 8145, 0, 0
0, 0, 0, 0, 7971, 0, 0
0, 0, 0, 0, 8422, 0, 0
0, 0, 0, 0, 8507, 0, 0
0, 0, 0, 0, 8661, 0, 0
0, 0, 0, 0, 8186, 0, 0
0, 0, 0, 0, 7910, 0, 0
0, 0, 0, 0, 8440, 0, 0
0, 0, 0, 0, 7985, 0, 0
0, 0, 0, 0, 8307, 0, 0
0, 0, 0, 0, 7945, 0, 0
0, 0, 0, 0, 8265, 0, 0
0, 0, 0, 0, 8143, 0, 0
0, 0, 0, 0, 8705, 0, 0
0, 0, 0, 0, 8615, 0, 0
0, 0, 0, 0, 8131, 0, 0
0, 0, 0, 0, 8391, 0, 0
0, 0, 0, 0, 7859, 0, 0
0, 0, 0, 0, 8334, 0, 0
0, 0, 0, 0, 7992, 0, 0
0, 0, 0, 0, 8380, 0, 0
0, 0, 0, 0, 8030, 0, 0
0, 0, 0, 0, 8065, 0, 0
0, 0, 0, 0, 8758, 0, 0
0, 0, 0, 0, 8489, 0, 0
0, 0, 0, 0, 8333, 0, 0
0, 0, 0, 0, 8120, 0, 0
0, 0, 0, 0, 8027, 0, 0
0, 0, 0, 0, 8322, 0, 0
0, 0, 0, 0, 8064, 0, 0
0, 0, 0, 0, 8359, 0, 0
0.0464035, 0.000529004, 0.00224841, 0.00107219, 7877, 3289, 56694
0.00279806, 0.000812263, 0.00195424, 0.000747655, 8330, 3705, 19008
0.00131626, 0.000622597, 0.000691278, 0.000242073, 8623, 3822, 11055
0.000908061, 0.000421976, 0.000484001, 0.000125635, 8547, 3794, 5577
0.000908061, 0.000421976, 0.000484001, 0.000125635, 8398, 3794, 5577
0.000908061, 0.000421976, 0.000484001, 0.000125635, 7897, 3794, 5577
0.000908061, 0.000421976, 0.000484001, 0.000125635, 8258, 3794, 5577
0.000908061, 0.000421976, 0.000484001, 0.000125635, 8150, 3794, 5577
0.000908061, 0.000421976, 0.000484001, 0.000125635, 8248, 3794, 5577
0.000908061, 0.000421976, 0.000484001, 0.000125635, 8104, 3794, 5577
0.000908061, 0.000421976, 0.000484001, 0.000125635, 7996, 3794, 5577
0.000908061, 0.000421976, 0.000484001, 0.000125635, 8410, 3794, 5577
0.000908061, 0.000421976, 0.000484001, 0.000125635, 8495, 3794, 5577
0.000908061, 0.000421976, 0.000484001, 0.000125635, 8680, 3794, 5577
0.000908061, 0.000421976, 0.000484001, 0.000125635, 8150, 3794, 5577
0.000908061, 0.000421976, 0.000484001, 0.000125635, 7947, 3794, 5577
0.000908061, 0.000421976, 0.000484001, 0.000125635, 8447, 3794, 5577
0.000908061, 0.000421976, 0.000484001, 0.000125635, 7952, 3794, 5577
0.000908061, 0.000421976, 0.000484001, 0.000125635, 8344, 3794, 5577
0.000908061, 0.000421976, 0.000484001, 0.000125635, 7913, 3794, 5577
0.000908061, 0.000421976, 0.000484001, 0.000125635, 8304, 3794, 5577
0.000908061, 0.000421976, 0.000484001, 0.000125635, 8218, 3794, 5577
0.000908061, 0.000421976, 0.000484001, 0.000125635, 8595, 3794, 5577
0.000908061, 0.000421976, 0.000484001, 0.000125635, 8658, 3794, 5577
0.000908061, 0.000421976, 0.000484001, 0.000125635, 7953, 3794, 5577
0.000908061, 0.000421976, 0.000484001, 0.000125635, 8532, 3794, 5577
0.000908061, 0.000421976, 0.000484001, 0.000125635, 7862, 3794, 5577
0.000908061, 0.000421976, 0.000484001, 0.000125635, 8363, 3794, 5577
0.000908061, 0.000421976, 0.000484001, 0.000125635, 7955, 3794, 5577
0.000908061, 0.000421976, 0.000484001, 0.000125635, 8409, 3794, 5577
0.000908061, 0.000421976, 0.000484001, 0.000125635, 7988, 3794, 5577
0.000908061, 0.000421976, 0.000484001, 0.000125635, 8099, 3794, 5577
0.000908061, 0.000421976, 0.000484001, 0.000125635, 8729, 3794, 5577
0.000908061, 0.000421976, 0.000484001, 0.000125635, 8485, 3794, 5577
0.000908061, 0.000421976, 0.000484001, 0.000125635, 8373, 3794, 5577
0.000908061, 0.000421976, 0.000484001, 0.000125635, 8053, 3794, 5577
0.000908061, 0.000421976, 0.000484001, 0.000125635, 8061, 3794, 5577
0.000908061, 0.000421976, 0.000484001, 0.000125635, 8292, 3794, 5577
0.000908061, 0.000421976, 0.000484001, 0.000125635, 8101, 3794, 5577
0.000908061, 0.000421976, 0.000484001, 0.000125635, 8297, 3794, 5577
0.000908061, 0.000421976, 0.000484001, 0.000125635, 7874, 3794, 5577
0.000908061, 0.000421976, 0.000484001, 0.000125635, 8385, 3794, 5577
0.000908061, 0.000421976, 0.000484001, 0.000125635, 8591, 3794, 5577
0.000908061, 0.000421976, 0.000484001, 0.000125635, 8574, 3794, 5577
0.000908061, 0.000421976, 0.000484001, 0.000125635, 8363, 3794, 5577
0.000908061, 0.000421976, 0.000484001, 0.000125635, 7874, 3794, 5577
0.000908061, 0.000421976, 0.000484001, 0.000125635, 8332, 3794, 5577
0.000908061, 0.000421976, 0.000484001, 0.000125635, 8113, 3794, 5577
0.000908061, 0.000421976, 0.000484001, 0.000125635, 8269, 3794, 5577
0.000908061, 0.000421976, 0.000484001, 0.000125635, 8066, 3794, 5577
0.000908061, 0.000421976, 0.000484001, 0.000125635, 8087, 3794, 5577
0.000908061, 0.000421976, 0.000484001, 0.000125635, 8376, 3794, 5577
0.000908061, 0.000421976, 0.000484001, 0.000125635, 8499, 3794, 5577
0.000908061, 0.000421976, 0.000484001, 0.000125635, 8703, 3794, 5577
0.000908061, 0.000421976, 0.000484001, 0.000125635, 8110, 3794, 5577
0.000908061, 0.000421976, 0.000484001, 0.000125635, 7973, 3794, 5577
0.000908061, 0.000421976, 0.000484001, 0.000125635, 8423, 3794, 5577
0.000908061, 0.000421976, 0.000484001, 0.000125635, 7948, 3794, 5577
0.000908061, 0.000421976, 0.000484001, 0.000125635, 8369, 3794, 5577
0.000908061, 0.000421976, 0.000484001, 0.000125635, 7876, 3794, 5577
0.000908061, 0.000421976, 0.000484001, 0.000125635, 8345, 3794, 5577
0.000908061, 0.000421976, 0.000484001, 0.000125635, 8188, 3794, 5577
0.000908061, 0.000421976, 0.000484001, 0.000125635, 8626, 3794, 5577
0.000908061, 0.000421976, 0.000484001, 0.000125635, 8666, 3794, 5577
0.000908061, 0.000421976, 0.000484001, 0.000125635, 7921, 3794, 5577
0.000908061, 0.000421976, 0.000484001, 0.000125635, 8281, 3794, 5577
0.000908061, 0.000421976, 0.000484001, 0.000125635, 8225, 3794, 5577
0.000908061, 0.000421976, 0.000484001, 0.000125635, 8038, 3794, 5577
0.000908061, 0.000421976, 0.000484001, 0.000125635, 8184, 3794, 5577
0.000908061, 0.000421976, 0.000484001, 0.000125635, 8066, 3794, 5577
0.000908061, 0.000421976, 0.000484001, 0.000125635, 8318, 3794, 5577
0.000908061, 0.000421976, 0.000484001, 0.000125635, 8135, 3794, 5577
0.000908061, 0.000421976, 0.000484001, 0.000125635, 8701, 3794, 5577
0.000908061, 0.000421976, 0.000484001, 0.000125635, 8476, 3794, 5577
0.000908061, 0.000421976, 0.000484001, 0.000125635, 8398, 3794, 5577
0.000908061, 0.000421976, 0.000484001, 0.000125635, 8016, 3794, 5577
0.000908061, 0.000421976, 0.000484001, 0.000125635, 8091, 3794, 5577
0.000908061, 0.000421976, 0.000484001, 0.000125635, 8262, 3794, 5577
0.000908061, 0.000421976, 0.000484001, 0.000125635, 8143, 3794, 5577
0.000908061, 0.000421976, 0.000484001, 0.000125635, 8226, 3794, 5577
0.000908061, 0.000421976, 0.000484001, 0.000125635, 7889, 3794, 5577
0.000908061, 0.000421976, 0.000484001, 0.000125635, 8413, 3794, 5577
0.000908061, 0.000421976, 0.000484001, 0.000125635, 8564, 3794, 5577
0.000908061, 0.000421976, 0.000484001, 0.000125635, 8604, 3794, 5577
0.000908061, 0.000421976, 0.000484001, 0.000125635, 8296, 3794, 5577
0.000908061, 0.000421976, 0.000484001, 0.000125635, 7874, 3794, 5577
0.000908061, 0.000421976, 0.000484001, 0.000125635, 8384, 3794, 5577
0.000908061, 0.000421976, 0.000484001, 0.000125635, 8071, 3794, 5577
0.000908061, 0.000421976, 0.000484001, 0.000125635, 8282, 3794, 5577
0.000908061, 0.000421976, 0.000484001, 0.000125635, 8036, 3794, 5577
0.000908061, 0.000421976, 0.000484001, 0.000125635, 8156, 3794, 5577
0.000908061, 0.000421976, 0.000484001, 0.000125635, 8345, 3794, 5577
0.000908061, 0.000421976, 0.000484001, 0.000125635, 8501, 3794, 5577
0.000908061, 0.000421976, 0.000484001, 0.000125635, 8720, 3794, 5577
0.000908061, 0.000421976, 0.000484001, 0.000125635, 8076, 3794, 5577
0.000908061, 0.000421976, 0.000484001, 0.000125635, 8059, 3794, 5577
0.000908061, 0.000421976, 0.000484001, 0.000125635, 8388, 3794, 5577
0.000908061, 0.000421976, 0.000484001, 0.000125635, 7978, 3794, 5577
0.000908061, 0.000421976, 0.000484001, 0.000125635, 8346, 3794, 5577
0.000908061, 0.000421976, 0.000484001, 0.000125635, 7849, 3794, 5577
0.000908061, 0.000421976, 0.000484001, 0.000125635, 8384, 3794, 5577
0.000908061, 0.000421976, 0.000484001, 0.000125635, 8147, 3794, 5577
0.000908061, 0.000421976, 0.000484001, 0.000125635, 8635, 3794, 5577
0.000908061, 0.000421976, 0.000484001, 0.000125635, 8690, 3794, 5577
0.000908061, 0.000421976, 0.000484001, 0.000125635, 7887, 3794, 5577
0.000908061, 0.000421976, 0.000484001, 0.000125635, 8324, 3794, 5577
0.000908061, 0.000421976, 0.000484001, 0.000125635, 8192, 3794, 5577
0.000908061, 0.000421976, 0.000484001, 0.000125635, 8077, 3794, 5577
0.000908061, 0.000421976, 0.000484001, 0.000125635, 8148, 3794, 5577
0.000908061, 0.000421976, 0.000484001, 0.000125635, 8105, 3794, 5577
0.000908061, 0.000421976, 0.000484001, 0.000125635, 8398, 3794, 5577
0.000908061, 0.000421976, 0.000484001, 0.000125635, 7883, 3794, 5577
0.000908061, 0.000421976, 0.000484001, 0.000125635, 8684, 3794, 5577
0.000908061, 0.000421976, 0.000484001, 0.000125635, 8636, 3794, 5577
0.000908061, 0.000421976, 0.000484001, 0.000125635, 8434, 3794, 5577
0.000908061, 0.000421976, 0.000484001, 0.000125635, 7975, 3794, 5577
0.000908061, 0.000421976, 0.000484001, 0.000125635, 8130, 3794, 5577
0.000908061, 0.000421976, 0.000484001, 0.000125635, 8222, 3794, 5577
0.000908061, 0.000421976, 0.000484001, 0.000125635, 8174, 3794, 5577
0.000908061, 0.000421976, 0.000484001, 0.000125635, 8187, 3794, 5577
0.000908061, 0.000421976, 0.000484001, 0.000125635, 7919, 3794, 5577
0.000908061, 0.000421976, 0.000484001, 0.000125635, 8418, 3794, 5577
0.000908061, 0.000421976, 0.000484001, 0.000125635, 8539, 3794, 5577
0.000908061, 0.000421976, 0.000484001, 0.000125635, 8632, 3794, 5577
0.000908061, 0.000421976, 0.000484001, 0.000125635, 8230, 3794, 5577
0.000908061, 0.000421976, 0.000484001, 0.000125635, 7870, 3794, 5577
0.000908061, 0.000421976, 0.000484001, 0.000125635, 8430, 3794, 5577
0.000908061, 0.000421976, 0.000484001, 0.000125635, 8034, 3794, 5577
0.000908061, 0.000421976, 0.000484001, 0.000125635, 8292, 3794, 5577
0.000908061, 0.000421976, 0.000484001, 0.000125635, 7996, 3794, 5577
0.000908061, 0.000421976, 0.000484001, 0.000125635, 8210, 3794, 5577
0.000908061, 0.000421976, 0.000484001, 0.000125635, 8307, 3794, 5577
0.000908061, 0.000421976, 0.000484001, 0.000125635, 8505, 3794, 5577
0.000908061, 0.000421976, 0.000484001, 0.000125635, 8725, 3794, 5577
0.000908061, 0.000421976, 0.000484001, 0.000125635, 8045, 3794, 5577
0.000908061, 0.000421976, 0.000484001, 0.000125635, 8132, 3794, 5577
0.000908061, 0.000421976, 0.000484001, 0.000125635, 8351, 3794, 5577
0.000908061, 0.000421976, 0.000484001, 0.000125635, 8000, 3794, 5577
0.000908061, 0.000421976, 0.000484001, 0.000125635, 8306, 3794, 5577
0.000908061, 0.000421976, 0.000484001, 0.000125635, 7903, 3794, 5577
0.000908061, 0.000421976, 0.000484001, 0.000125635, 8424, 3794, 5577
0.000908061, 0.000421976, 0.000484001, 0.000125635, 8103, 3794, 5577
0.000908061, 0.000421976, 0.000484001, 0.000125635, 8643, 3794, 5577
0.000908061, 0.000421976, 0.000484001, 0.000125635, 8679, 3794, 5577
0.000908061, 0.000421976, 0.000484001, 0.000125635, 7874, 3794, 5577
0.000908061, 0.000421976, 0.000484001, 0.000125635, 8365, 3794, 5577
0.000908061, 0.000421976, 0.000484001, 0.000125635, 8145, 3794, 5577
0.000908061, 0.000421976, 0.000484001, 0.000125635, 8113, 3794, 5577
0.000908061, 0.000421976, 0.000484001, 0.000125635, 8112, 3794, 5577
0.000908061, 0.000421976, 0.000484001, 0.000125635, 8150, 3794, 5577
0.000908061, 0.000421976, 0.000484001, 0.000125635, 8364, 3794, 5577
0.000908061, 0.000421976, 0.000484001, 0.000125635, 7889, 3794, 5577
0.000908061, 0.000421976, 0.000484001, 0.000125635, 8697, 3794, 5577
0.000908061, 0.000421976, 0.000484001, 0.000125635, 8627, 3794, 5577
0.000908061, 0.000421976, 0.000484001, 0.000125635, 8105, 3794, 5577
0.000908061, 0.000421976, 0.000484001, 0.000125635, 8419, 3794, 5577
0.000908061, 0.000421976, 0.000484001, 0.000125635, 7863, 3794, 5577
0.000908061, 0.000421976, 0.000484001, 0.000125635, 8307, 3794, 5577
0.000908061, 0.000421976, 0.000484001, 0.000125635, 8013, 3794, 5577
0.000908061, 0.000421976, 0.000484001, 0.000125635, 8415, 3794, 5577
0.000908061, 0.000421976, 0.000484001, 0.000125635, 7955, 3794, 5577
0.000908061, 0.000421976, 0.000484001, 0.000125635, 8415, 3794, 5577
0.000908061, 0.000421976, 0.000484001, 0.000125635, 8508, 3794, 5577
0.000908061, 0.000421976, 0.000484001, 0.000125635, 8384, 3794, 5577
0.000908061, 0.000421976, 0.000484001, 0.000125635, 7769, 3794, 5577
0.000908061, 0.000421976, 0.000484001, 0.000125635, 7510, 3794, 5577
0.00510666, 0.000935635, 0.00416745, 0.00242149, 7475, 3766, 47388
0.00669241, 0.00382652, 0.00286027, 0.00118636, 7289, 3946, 17490
0.0520386, 0.000459093, 0.00094186, 0.000334997, 7994, 4152, 11286
0.000933799, 0.000523686, 0.000407766, 9.3684e-05, 7658, 3660, 5346
0.0473136, 0.000310304, 0.000400954, 0.000101938, 7920, 3427, 5544
0.00110875, 0.000573096, 0.000532706, 9.2476e-05, 8272, 3182, 1782
0.0481187, 0.000775252, 0.000771588, 9.3297e-05, 8446, 3291, 2673
0.000500768, 0.00031903, 0.00017981, 2.8715e-05, 8288, 2884, 1452
0.000636031, 0.00042162, 0.000212281, 3.1353e-05, 7647, 2361, 957
0.0587536, 0.000301679, 0.000178187, 2.4662e-05, 7829, 2617, 1254
0.00210333, 0.00116866, 0.00093223, 0.000260684, 7796, 2791, 1155
0.000789458, 0.000319639, 0.000467384, 7.215e-05, 7433, 2638, 1881
0.000785823, 0.000514297, 0.000268488, 2.2678e-05, 8256, 2823, 1122
0.0457724, 0.000551452, 0.000347455, 2.4804e-05, 7804, 2827, 561
0.00233226, 0.0019681, 0.000360312, 1.9941e-05, 8349, 2513, 528
0.000873294, 0.000481496, 0.000388355, 3.6243e-05, 8030, 2157, 660
0.000894066, 0.000564791, 0.00032675, 2.9605e-05, 8647, 2457, 594
0.00040297, 0.00027856, 0.000122894, 1.4563e-05, 8609, 2334, 891
0.000718854, 0.000399329, 0.000316793, 2.8423e-05, 7755, 1832, 528
0.000859651, 0.000450611, 0.000405398, 5.5836e-05, 8337, 2358, 561
0.000732103, 0.00050078, 0.000229402, 2.0634e-05, 8056, 2682, 495
0.000609044, 0.000380854, 0.000225564, 7.876e-06, 8138, 2518, 132
0.000534125, 0.000399332, 0.000132774, 5.25e-06, 8046, 2614, 132
0.000868332, 0.000556541, 0.000307854, 8.279e-06, 8184, 2575, 99
0.000569969, 0.000400746, 0.000166902, 3.736e-06, 8318, 2420, 99
0.000578565, 0.000435209, 0.000140936, 4.637e-06, 7888, 2005, 66
0.000724945, 0.000497006, 0.00022451, 7.561e-06, 8709, 2251, 66
0.000516363, 0.000385004, 0.000129645, 2.117e-06, 8620, 2285, 33
0.000743898, 0.000524932, 0.000215638, 6.452e-06, 8157, 1985, 99
0.000921227, 0.000692786, 0.000225115, 5.948e-06, 8393, 2380, 99
0.000504388, 0.000404517, 9.7555e-05, 2.113e-06, 7871, 2560, 66
0.000463513, 0.000342299, 0.000118999, 4.128e-06, 8355, 2544, 132
0.000441566, 0.000336561, 0.00010279, 3.725e-06, 7982, 2580, 99
0.000577882, 0.000425257, 0.000149806, 7.35e-06, 8387, 2563, 165
0.00114403, 0.000841659, 0.00029986, 8.649e-06, 8019, 2361, 132
0.00064125, 0.00042083, 0.000217605, 8.345e-06, 8072, 2056, 99
0.00110884, 0.000782935, 0.000323089, 1.0055e-05, 8747, 2416, 165
0.00104328, 0.000280955, 0.000760611, 0, 8770, 2236, 0
0.000627323, 0.000373079, 0.000252737, 2.411e-06, 8180, 2063, 33
0.000546057, 0.000370869, 0.00017328, 6.026e-06, 7968, 2320, 132
0.000376092, 0.000248016, 0.000126569, 4.219e-06, 8465, 2619, 165
0.000934305, 0.000564038, 0.000366851, 1.8785e-05, 7975, 2608, 165
0.000475239, 0.000348367, 0.000125364, 1.7177e-05, 8383, 2615, 1221
0.000721593, 0.000388697, 0.000330588, 7.8782e-05, 7934, 2599, 3267
0.000668903, 0.00034534, 0.000321455, 6.3521e-05, 8305, 2477, 3465
0.000594135, 0.000373944, 0.000218586, 1.8268e-05, 8240, 2143, 396
0.00105258, 0.000564629, 0.000484541, 4.2553e-05, 8585, 2418, 990
0.000666464, 0.000393602, 0.000270958, 4.1114e-05, 8712, 2416, 1386
0.000512033, 0.000323605, 0.00018582, 1.7047e-05, 7999, 2076, 561
0.000892296, 0.000418571, 0.000471319, 4.8537e-05, 8242, 2514, 759
0.00116105, 0.000759023, 0.000398114, 3.0385e-05, 8296, 2708, 495
0.000543041, 0.00036677, 0.000175068, 7.416e-06, 8036, 2821, 165
0.000830044, 0.000444033, 0.000382804, 1.5532e-05, 8238, 2661, 198
0.00111043, 0.000561736, 0.000544642, 1.7291e-05, 8020, 2827, 264
0.000443658, 0.00031145, 0.000130331, 2.866e-06, 8444, 2522, 66
0.000308584, 0.000230919, 7.638e-05, 1.482e-06, 7986, 2122, 33
0.000903553, 0.000592888, 0.000307702, 8.394e-06, 8664, 2435, 66
0.000684133, 0.000441704, 0.000238479, 5.53e-06, 8662, 2467, 99
0.000515272, 0.00034809, 0.000164515, 6.617e-06, 7948, 1998, 165
0.0015, 0.00131672, 0.000180414, 0, 8433, 2510, 0
0.00105118, 0.000819517, 0.000228505, 2.963e-06, 8041, 2774, 33
0.000746827, 0.000511439, 0.000231638, 0, 8183, 2620, 0
0.000457058, 0.000348789, 0.000106294, 0, 8069, 2752, 0
0.000836739, 0.000616845, 0.000217031, 0, 8231, 2681, 0
0.000841279, 0.000492194, 0.000345039, 0, 8277, 2568, 0
0.000505814, 0.00037978, 0.000123666, 0, 7919, 2149, 0
0.000590706, 0.000455065, 0.000133964, 0, 8683, 2403, 0
0.00120262, 0.000756436, 0.000441057, 0, 8594, 2457, 0
0.00033067, 0.000233797, 9.5491e-05, 0, 8184, 2124, 0
0.000659859, 0.000409193, 0.000248791, 0, 8342, 2542, 0
0.00103853, 0.0007718, 0.000263183, 0, 7874, 2686, 0
0.000536128, 0.000371651, 0.000162899, 0, 8364, 2707, 0
0.000457932, 0.000281031, 0.000174239, 0, 7950, 2716, 0
0.000540566, 0.000367608, 0.000170689, 2.958e-06, 8421, 2685, 33
0.000672553, 0.000464863, 0.000204141, 0, 7988, 2377, 0
0.000611734, 0.000430856, 0.000177823, 0, 8111, 2158, 0
0.000551901, 0.000384822, 0.000164318, 0, 8723, 2548, 0
0.000580389, 0.000431546, 0.000130607, 0, 8483, 2199, 0
0.000696382, 0.000442148, 0.000250883, 0, 8378, 2346, 0
0.000475455, 0.000356616, 0.000115981, 0, 8057, 2395, 0
0.000801228, 0.00057912, 0.000218266, 0, 8078, 2686, 0
0.000409532, 0.000293649, 0.00011411, 0, 8290, 2843, 0
0.000693721, 0.000436926, 0.000253839, 0, 8377, 2721, 0
0.000778446, 0.000605064, 0.000170427, 0, 7893, 2739, 0
0.000682442, 0.000461382, 0.000218365, 0, 8339, 2570, 0
0.00100999, 0.000815975, 0.000189922, 2.894e-06, 8197, 2195, 33
0.000436131, 0.000338926, 9.581e-05, 3.69e-06, 8615, 2512, 264
0.000776467, 0.000587189, 0.000175608, 0, 8675, 2426, 0
0.000682477, 0.000462268, 0.000216217, 1.7163e-05, 7950, 2122, 363
0.000471137, 0.000313564, 0.000155794, 3.758e-06, 8283, 2539, 99
0.000738241, 0.000503265, 0.00023201, 0, 8251, 2788, 0
0.000777881, 0.000504846, 0.000269179, 0, 8039, 2851, 0
0.000530831, 0.000354415, 0.000174341, 5.041e-06, 8200, 2710, 99
0.000694498, 0.000462933, 0.000229787, 3.261e-06, 8055, 2919, 33
0.000361827, 0.00027347, 8.6577e-05, 0, 8443, 2581, 0
0.000460364, 0.000337909, 0.00012028, 0, 7924, 2188, 0
0.000810574, 0.000577471, 0.000229249, 0, 8671, 2485, 0
0.00115741, 0.000644369, 0.00050998, 2.964e-06, 8657, 2583, 33
0.000572827, 0.00037085, 0.000199506, 3.261e-06, 8004, 2095, 33
0.000555237, 0.000397827, 0.000155732, 2.471e-06, 8439, 2593, 33
0.000631819, 0.000469862, 0.000159782, 0, 7988, 2828, 0
0.000507922, 0.000338483, 0.000167364, 0, 8228, 2686, 0
0.000767959, 0.000570362, 0.00019562, 2.173e-06, 8074, 2834, 33
0.000658984, 0.000442517, 0.000213306, 0, 8267, 2756, 0
0.00104721, 0.000573738, 0.00047041, 0, 8225, 2546, 0
0.000674597, 0.000417659, 0.000238761, 0, 7953, 2178, 0
0.000673905, 0.00048335, 0.000187493, 0, 8721, 2497, 0
0.00125031, 0.000888761, 0.000356511, 0, 8572, 2459, 0
0.00155941, 0.000525762, 0.00103098, 0, 8216, 2193, 0
0.000755209, 0.0005951, 0.000157739, 0, 8293, 2571, 0
0.000527145, 0.000428768, 9.6303e-05, 0, 7910, 2709, 0
0.00042294, 0.000287623, 0.000133836, 3.6151e-05, 8328, 2812, 33
0.000364271, 0.000273104, 8.9783e-05, 0, 7945, 2780, 0
0.00059342, 0.000370394, 0.000221545, 1.186e-06, 8441, 2848, 33
0.000674932, 0.000446202, 0.000226755, 0, 7949, 2466, 0
0.000636119, 0.000484522, 0.000147154, 0, 8146, 2259, 0
0.000808852, 0.000538346, 0.000267543, 6.716e-06, 8699, 2558, 132
0.000476719, 0.000355441, 0.000118612, 3.753e-06, 8475, 2256, 99
0.000446301, 0.000321171, 0.000122661, 1.679e-06, 8404, 2428, 33
0.000452183, 0.000264061, 0.000187035, 5.3622e-05, 7999, 2356, 33
0.000599027, 0.000427792, 0.000169951, 4.838e-06, 8094, 2668, 99
0.000384341, 0.000235325, 0.000147929, 9.678e-06, 8243, 2767, 528
0.000377922, 0.00023572, 0.000141116, 2.962e-06, 8146, 2704, 132
0.0011787, 0.000643959, 0.000532073, 4.424e-05, 8214, 2763, 198
0.00067017, 0.000470808, 0.00019719, 5.825e-06, 7888, 2359, 396
0.000488145, 0.000316876, 0.000169975, 7.461e-06, 8415, 2447, 396
0.000353179, 0.000266849, 8.5336e-05, 4.376e-06, 8724, 2319, 132
0.000554087, 0.000411462, 0.000139939, 0, 8676, 2397, 0
0.000509628, 0.000360539, 0.000147597, 3.581e-06, 7877, 2010, 66
0.000469067, 0.000300621, 0.000166909, 2.152e-06, 8306, 2439, 33
0.000655854, 0.000475726, 0.00017818, 0, 8190, 2700, 0
0.000335458, 0.000245394, 8.8731e-05, 0, 8062, 2663, 0
0.000373676, 0.000270805, 0.000101641, 1.024e-06, 8150, 2625, 33
0.000626345, 0.000431976, 0.000192115, 0, 8093, 2690, 0
0.000589912, 0.000446389, 0.000141583, 2.041e-06, 8413, 2474, 66
0.000413316, 0.000252645, 0.000159549, 4.2158e-05, 7882, 2096, 198
0.000493448, 0.000359521, 0.000130661, 2.348e-06, 8682, 2333, 99
0.000511005, 0.000377181, 0.00013209, 1.939e-06, 8641, 2433, 33
0.000414337, 0.000329101, 8.3704e-05, 1.837e-06, 8046, 2006, 33
0.000566511, 0.000426714, 0.000137965, 2.849e-06, 8438, 2460, 99
0.000759417, 0.000553385, 0.000202776, 0, 7908, 2760, 0
0.000445435, 0.000302586, 0.000141017, 0, 8262, 2595, 0
0.0010674, 0.000701524, 0.000360784, 0, 8052, 2726, 0
0.000545299, 0.000325252, 0.000217714, 4.768e-06, 8299, 2635, 33
0.000333267, 0.000249772, 8.2277e-05, 0, 8162, 2435, 0
0.000430051, 0.000326063, 0.000100842, 0, 7996, 2067, 0
0.000477226, 0.000303542, 0.000172163, 2.739e-06, 8752, 2432, 33
0.000677196, 0.000363796, 0.000311174, 0.000145619, 8542, 2242, 66
0.000308645, 0.000238719, 6.8509e-05, 0, 8260, 2127, 0
0.000519535, 0.000381201, 0.000136005, 0, 8249, 2412, 0
0.000528642, 0.000360558, 0.000165757, 0, 7953, 2559, 0
0.00102237, 0.000559, 0.000459525, 0, 8351, 2708, 0
0.00113279, 0.000658329, 0.000470422, 2.827e-06, 7993, 2603, 33
0.00033603, 0.000254951, 7.9666e-05, 0, 8439, 2719, 0
0.000393583, 0.00029019, 0.000101374, 2.726e-06, 7907, 2374, 99
0.00108362, 0.000662367, 0.000417008, 0.000179125, 8173, 2171, 495
0.042706, 0.000241355, 0.000103798, 1.4209e-05, 8675, 2425, 1089
0.000573306, 0.000392013, 0.000178975, 1.8542e-05, 8495, 2129, 759
0.00762469, 0.00182089, 0.00579846, 2.9023e-05, 8424, 2352, 594
0.000636794, 0.000437361, 0.000196914, 3.8091e-05, 7979, 2308, 396
0.00077818, 0.000439275, 0.000335881, 4.535e-06, 8151, 2677, 33
0.000670536, 0.000420728, 0.000221303, 3.312e-06, 8220, 2654, 33
0.000626074, 0.000506841, 0.000115821, 0, 8190, 2693, 0
0.000720116, 0.000497708, 0.000218494, 0, 8182, 2618, 0
0.000525709, 0.000339032, 0.000185273, 5.018e-06, 7934, 2287, 66
0.000348546, 0.000269276, 7.7767e-05, 0, 8417, 2397, 0
0.000865752, 0.000589461, 0.000271982, 0, 8527, 2169, 0
0.000498667, 0.000365482, 0.000131081, 0, 8631, 2351, 0
0.000781372, 0.000580341, 0.00019602, 3.207e-06, 8207, 2137, 33
0.00240099, 0.00174865, 0.000648437, 0.000156429, 7864, 2305, 759
0.000644134, 0.000398631, 0.000243902, 7.126e-05, 8511, 2735, 1815
0.000895342, 0.00059099, 0.00030105, 2.5616e-05, 8087, 2632, 1122
0.000668854, 0.000474393, 0.000191659, 6.004e-06, 8105, 2627, 264
0.000537145, 0.000390223, 0.000143719, 1.901e-06, 8130, 2619, 33
0.000705174, 0.00046895, 0.000233925, 4.697e-06, 8365, 2413, 66
0.000607205, 0.000484945, 0.000120161, 0, 7876, 2073, 0
0.000569218, 0.000408269, 0.000158649, 2.699e-06, 8694, 2248, 33
0.000415947, 0.000312285, 0.000101765, 2.197e-06, 8617, 2335, 66
0.000454596, 0.000360322, 9.2178e-05, 0, 8080, 1979, 0
0.000861755, 0.000627766, 0.000230794, 3.795e-06, 8433, 2434, 33
0.000355029, 0.000272338, 8.0493e-05, 0, 7847, 2658, 0
0.000577833, 0.000416347, 0.000158889, 0, 8290, 2570, 0
0.000676004, 0.000455892, 0.000217719, 3.292e-06, 8019, 2684, 33
0.000598975, 0.000466568, 0.000130412, 0, 8339, 2557, 0
0.000578221, 0.000350026, 0.000225701, 4.989e-06, 8093, 2419, 66
0.000589097, 0.000422665, 0.000163339, 0, 8030, 2019, 0
0.000409277, 0.000293623, 0.00011386, 1.097e-06, 8780, 2454, 33
0.000688444, 0.000361421, 0.000323634, 4.088e-06, 8492, 2134, 33
0.000671594, 0.000446168, 0.000223433, 3.589e-06, 8295, 2154, 33
0.000585651, 0.00044198, 0.000139882, 0, 8187, 2358, 0
0.00118337, 0.00092424, 0.000255337, 4.486e-06, 7989, 2510, 66
0.00105434, 0.000491897, 0.000558553, 4.783e-06, 8344, 2608, 66
0.000656594, 0.000453438, 0.000199868, 3.089e-06, 8029, 2556, 33
0.000515013, 0.000318334, 0.000195085, 0, 8421, 2652, 0
0.000700234, 0.000471273, 0.000226072, 4.982e-06, 7874, 2277, 33
0.000416327, 0.000294645, 0.000119889, 0, 8264, 2179, 0
0.000415629, 0.000318244, 9.5493e-05, 1.095e-06, 8647, 2298, 33
0.000615452, 0.000498729, 0.000114344, 0, 8522, 2114, 0
0.000879445, 0.000504481, 0.000372286, 0, 8416, 2250, 0
0.000921889, 0.000670988, 0.000247728, 0, 7935, 2254, 0
0.000463679, 0.00029597, 0.000166024, 0, 8205, 2645, 0
0.000499956, 0.000374174, 0.00012261, 0, 8191, 2585, 0
0.000543172, 0.000235309, 0.000306179, 0, 8217, 2652, 0
0.000756674, 0.00044326, 0.000311036, 0, 8147, 2575, 0
0.00112855, 0.000863132, 0.000261852, 0, 7974, 2240, 0
0.000660724, 0.000413237, 0.000244415, 0, 8423, 2310, 0
0.000557884, 0.000412742, 0.000142964, 0, 8507, 2125, 0
0.000345372, 0.000234607, 0.000109279, 0, 8664, 2312, 0
0.000364446, 0.000255212, 0.000107353, 0, 8192, 2064, 0
0.000976478, 0.00056499, 0.000407823, 6.9621e-05, 7913, 2273, 33
0.0005948, 0.000409507, 0.000183214, 1.2084e-05, 8441, 2583, 561
0.00118504, 0.000777518, 0.000404753, 7.131e-06, 7987, 2555, 198
0.000640726, 0.000445895, 0.00019295, 2.772e-06, 8309, 2626, 66
0.000815658, 0.000523114, 0.000289574, 6.7023e-05, 7945, 2535, 429
0.000996927, 0.000728242, 0.000265814, 5.2173e-05, 8266, 2448, 660
0.000626866, 0.000423323, 0.000201167, 1.0494e-05, 8143, 1979, 231
0.000515235, 0.000348471, 0.000164982, 3.6026e-05, 8705, 2250, 99
0.000557594, 0.000357973, 0.000196949, 7.621e-06, 8616, 2290, 231
0.000336793, 0.000256727, 7.8483e-05, 1.781e-06, 8137, 1982, 99
0.000577784, 0.000419828, 0.000155382, 2.968e-06, 8395, 2423, 66
0.000561205, 0.000339276, 0.000219852, 3.265e-06, 7866, 2545, 33
0.00108105, 0.000566845, 0.000510842, 1.019e-05, 8335, 2557, 363
0.000577035, 0.000410713, 0.000164345, 6.035e-06, 7994, 2618, 99
0.000591679, 0.000419617, 0.000169687, 2.177e-06, 8385, 2565, 33
0.000657191, 0.000401378, 0.000253318, 0, 8035, 2389, 0
0.000760254, 0.000545448, 0.000211714, 7.083e-06, 8066, 2026, 198
0.000603714, 0.000510328, 9.0791e-05, 1.696e-06, 8760, 2477, 66
0.000567298, 0.000369252, 0.00019615, 0, 8490, 2096, 0
0.000363691, 0.000273516, 8.8279e-05, 1.296e-06, 8343, 2204, 33
0.000744738, 0.000559302, 0.000183042, 0, 8129, 2361, 0
0.000520385, 0.000388427, 0.000129575, 0, 8035, 2522, 0
0.000740414, 0.000545009, 0.000193618, 0, 8325, 2677, 0
0.00104276, 0.000499037, 0.000291717, 1.9958e-05, 8066, 2580, 33
0.000421912, 0.000299706, 0.000120816, 3.375e-06, 8365, 2649, 99
0.000723603, 0.000458841, 0.000261188, 4.566e-06, 7880, 2286, 66
0.000556923, 0.00027737, 0.000277866, 9.1133e-05, 8334, 2204, 33
0.000576481, 0.000396597, 0.000177799, 7.048e-06, 8623, 2262, 198
0.000314945, 0.000233156, 8.0101e-05, 2.579e-06, 8551, 2182, 165
0.0019254, 0.00148976, 0.000432268, 9.3004e-05, 8408, 2235, 99
0.000751085, 0.000528349, 0.000219956, 5.956e-06, 7904, 2227, 132
0.00108529, 0.000707013, 0.000328147, 1.7964e-05, 8274, 2687, 726
0.00134645, 0.000534629, 0.000808642, 2.114e-05, 8152, 2551, 495
0.000687366, 0.000410177, 0.000274708, 1.1312e-05, 8250, 2721, 627
0.00131012, 0.000693122, 0.000613727, 2.5703e-05, 8104, 2554, 891
0.000600726, 0.000340407, 0.000258134, 8.8527e-05, 7996, 2313, 726
0.000978629, 0.000420249, 0.000556496, 8.5139e-05, 8411, 2329, 1221
0.000540023, 0.000385022, 0.000153215, 1.8757e-05, 8495, 2121, 1056
0.00142547, 0.00102457, 0.000397723, 0.000155398, 8682, 2382, 990
0.000884458, 0.000333222, 0.000549747, 3.5026e-05, 8156, 2075, 957
0.000858468, 0.000480432, 0.000375357, 7.7392e-05, 7956, 2329, 759
0.000579556, 0.000354322, 0.000222555, 1.6867e-05, 8455, 2616, 594
0.000356902, 0.00025887, 9.6543e-05, 5.061e-06, 7966, 2630, 297
0.000723924, 0.000471404, 0.000248651, 1.26e-05, 8361, 2614, 231
0.000336264, 0.000233171, 0.000101504, 3.87e-06, 7927, 2590, 99
0.000973675, 0.000607679, 0.000362226, 1.5278e-05, 8314, 2486, 165
0.000364111, 0.000270752, 9.1971e-05, 3.175e-06, 8218, 2117, 66
0.000670778, 0.000463721, 0.00020418, 4.266e-06, 8596, 2418, 66
0.000861068, 0.000642702, 0.000214796, 4.068e-06, 8766, 2364, 33
0.000710704, 0.000469835, 0.000236703, 7.738e-06, 8014, 2091, 66
0.000537889, 0.000404458, 0.000130752, 3.175e-06, 8567, 2540, 99
0.00124492, 0.000773005, 0.000468743, 3.472e-06, 7896, 2704, 33
0.000712292, 0.000413883, 0.000295333, 1.9344e-05, 8424, 2731, 363
0.000471223, 0.000327575, 0.00014097, 4.266e-06, 7966, 2745, 165
0.000818879, 0.000463156, 0.000353541, 8.422e-05, 8424, 2749, 165
0.00058753, 0.000404076, 0.000180464, 8.867e-06, 8002, 2450, 231
0.000376373, 0.000251513, 0.000122667, 4.585e-06, 8104, 2192, 165
0.000475624, 0.000333425, 0.000140505, 1.0464e-05, 8729, 2614, 627
0.00149564, 0.00115845, 0.0003348, 8.4593e-05, 8488, 2240, 627
0.000578028, 0.000369077, 0.000207157, 1.5842e-05, 8385, 2418, 396
0.000664716, 0.000424777, 0.000237548, 2.5608e-05, 8080, 2504, 726
0.000647478, 0.000437332, 0.000207357, 1.9329e-05, 8071, 2729, 627
0.000717726, 0.000391097, 0.000323141, 0.000110003, 8298, 2939, 825
0.000705025, 0.000380643, 0.00032129, 7.0996e-05, 8105, 2807, 1254
0.000879787, 0.00050378, 0.000373327, 3.8021e-05, 8297, 2889, 726
0.000594974, 0.000368588, 0.000223708, 2.9267e-05, 7874, 2471, 1089
0.00158945, 0.000763554, 0.000822495, 3.5238e-05, 8385, 2453, 627
0.00063887, 0.000471508, 0.000165105, 1.2828e-05, 8591, 2426, 528
0.000798536, 0.000560371, 0.000235189, 2.668e-06, 8574, 2452, 33
0.000526304, 0.000383465, 0.000139964, 0, 8362, 2389, 0
0.000531331, 0.000381824, 0.000147353, 3.798e-06, 7872, 2384, 99
0.000449023, 0.000314787, 0.000132601, 3.681e-06, 8324, 2849, 165
0.00078027, 0.000516295, 0.000261112, 7.463e-06, 8112, 2779, 132
0.00102513, 0.000674762, 0.0003474, 1.0835e-05, 8263, 2878, 99
0.000635298, 0.000457407, 0.000175438, 5.214e-06, 8064, 2685, 99
0.000555699, 0.000394074, 0.000158974, 1.0495e-05, 8082, 2533, 528
0.00105983, 0.000740966, 0.00031581, 1.5184e-05, 8376, 2426, 396
0.00118946, 0.000889037, 0.000295225, 7.132e-06, 8499, 2331, 165
0.000679618, 0.000496185, 0.000180884, 2.445e-06, 8702, 2592, 33
0.00219049, 0.00193348, 0.000252934, 6.828e-06, 8110, 2203, 66
0.000458604, 0.000341845, 0.000114423, 2.744e-06, 7991, 2470, 66
0.000616012, 0.000420905, 0.000193177, 1.2299e-05, 8429, 2811, 462
0.000777078, 0.000488684, 0.000284431, 9.146e-06, 7955, 2882, 66
0.000548335, 0.00034591, 0.00020029, 2.134e-06, 8377, 2783, 33
0.000414487, 0.00031231, 0.000100049, 1.622e-06, 7883, 2810, 33
0.000926894, 0.000576673, 0.000345761, 8.008e-06, 8348, 2634, 132
0.000694967, 0.000547175, 0.000146272, 1.0442e-05, 8189, 2267, 297
0.000611239, 0.000440944, 0.000168471, 1.2265e-05, 8626, 2578, 561
0.000700028, 0.000412472, 0.000284826, 5.0271e-05, 8674, 2417, 264
0.000639442, 0.000425721, 0.000211698, 9.607e-06, 7932, 2183, 165
0.000587327, 0.000441906, 0.00014189, 3.63e-06, 8288, 2609, 66
0.000890671, 0.000518852, 0.000368289, 1.7648e-05, 8226, 2842, 264
0.000741218, 0.000566249, 0.000171035, 9.886e-06, 8038, 2897, 264
0.000421936, 0.000304575, 0.00011565, 5.336e-06, 8183, 2777, 132
0.000615693, 0.000420829, 0.000193152, 8.655e-06, 8065, 2952, 198
0.000766772, 0.000387714, 0.000376844, 1.0066e-05, 8316, 2530, 231
0.000936574, 0.000427372, 0.000506485, 1.7212e-05, 8135, 2320, 297
0.000699969, 0.000475589, 0.000221064, 1.0451e-05, 8701, 2656, 198
0.000779151, 0.000533668, 0.000243171, 1.3665e-05, 8472, 2336, 231
0.000810602, 0.000606218, 0.000200063, 1.3364e-05, 8379, 2446, 198
0.000572455, 0.00039279, 0.000177555, 1.0449e-05, 8002, 2410, 330
0.000746799, 0.000470073, 0.000274519, 2.0069e-05, 8076, 2749, 495
0.000680578, 0.000369136, 0.000309536, 9.532e-06, 8250, 2916, 264
0.000819944, 0.000508501, 0.000307128, 2.2576e-05, 8139, 2815, 396
0.00172317, 0.00142447, 0.000294887, 1.0735e-05, 8218, 2887, 165
0.00126761, 0.000933422, 0.000329278, 1.4431e-05, 7879, 2423, 231
0.000566968, 0.000409944, 0.00015532, 1.1324e-05, 8413, 2533, 561
0.00076237, 0.00047588, 0.000270257, 2.0744e-05, 8564, 2413, 429
0.000973004, 0.000720784, 0.000248011, 2.355e-05, 8599, 2520, 561
0.000776923, 0.000492558, 0.000281361, 2.1521e-05, 8237, 2306, 396
0.000781327, 0.00049516, 0.000283564, 2.0718e-05, 7855, 2384, 429
0.00091375, 0.000481849, 0.00037615, 1.241e-05, 8355, 2937, 363
0.0008605, 0.00056903, 0.000288168, 1.4212e-05, 8066, 2820, 297
0.000975442, 0.000575066, 0.000396176, 1.1899e-05, 8278, 2857, 165
0.000877448, 0.000552367, 0.000322681, 0, 8035, 2700, 0
0.000537768, 0.000380977, 0.000153991, 3.198e-06, 8156, 2552, 66
0.000715757, 0.000472972, 0.000240685, 0, 8345, 2389, 0
0.000696958, 0.000480771, 0.000212887, 0, 8501, 2362, 0
0.000792864, 0.000519118, 0.00027045, 0, 8732, 2593, 0
0.000550489, 0.000364362, 0.000184229, 5.595e-06, 8093, 2190, 99
0.000468165, 0.000317306, 0.000148362, 7.294e-06, 8077, 2517, 363
0.000749604, 0.000533505, 0.000213202, 1.3988e-05, 8394, 2786, 297
0.000770599, 0.000528808, 0.000238797, 1.1182e-05, 7982, 2921, 165
0.000483084, 0.000344319, 0.000136171, 7.189e-06, 8348, 2739, 198
0.000393595, 0.000295943, 9.6062e-05, 4.576e-06, 7857, 2878, 165
0.000593476, 0.000433472, 0.000158015, 7.956e-06, 8388, 2643, 165
0.000395386, 0.000306285, 8.7311e-05, 1.492e-06, 8148, 2263, 33
0.000596856, 0.000404066, 0.000190008, 7.851e-06, 8635, 2614, 165
0.000360837, 0.000254305, 0.000104942, 3.479e-06, 8692, 2493, 165
0.000391345, 0.000256293, 0.000133363, 5.167e-06, 7890, 2171, 198
0.000871831, 0.000573602, 0.000295944, 1.3814e-05, 8323, 2599, 297
0.000654708, 0.000413364, 0.000239358, 1.1523e-05, 8189, 2854, 462
0.000729098, 0.00044306, 0.000283952, 3.7841e-05, 8072, 2783, 330
0.000537015, 0.000385356, 0.000150071, 4.768e-06, 8144, 2810, 231
0.000998946, 0.000667917, 0.000328049, 1.5294e-05, 8102, 2843, 231
0.000376318, 0.000252269, 0.000122757, 5.065e-06, 8397, 2645, 132
0.000650799, 0.000427149, 0.00022097, 1.1915e-05, 7880, 2266, 231
0.000646828, 0.000434494, 0.000208065, 8.438e-06, 8684, 2460, 165
0.000605731, 0.000413053, 0.000190793, 5.659e-06, 8631, 2635, 132
0.000810024, 0.000569003, 0.00023864, 2.184e-06, 8421, 2300, 33
0.000386871, 0.000287251, 9.7834e-05, 0, 7957, 2416, 0
0.000354327, 0.000261949, 9.069e-05, 0, 8108, 2821, 0
0.000689205, 0.000491254, 0.000195668, 0, 8214, 2863, 0
0.000635723, 0.000440154, 0.000193485, 0, 8172, 2818, 0
0.000886758, 0.000566465, 0.000317415, 3.175e-06, 8186, 2766, 33
0.000542043, 0.000333954, 0.000206105, 0, 7913, 2428, 0
0.000653724, 0.000447321, 0.000203824, 0, 8413, 2530, 0
0.000702225, 0.000489376, 0.000209478, 0, 8539, 2339, 0
0.000555334, 0.000417169, 0.000134891, 0, 8623, 2521, 0
0.000430659, 0.000338219, 9.0258e-05, 0, 8220, 2294, 0
0.000733613, 0.000513103, 0.000217932, 0, 7858, 2412, 0
0.000593018, 0.000410085, 0.00018085, 0, 8418, 2908, 0
0.000690482, 0.000433882, 0.000253528, 3.668e-06, 8030, 2759, 33
0.000618103, 0.000434279, 0.000181247, 2.281e-06, 8246, 2862, 33
0.000669974, 0.000510019, 0.000158357, 4.693e-06, 7995, 2709, 132
0.00069942, 0.000467844, 0.000228781, 0, 8194, 2603, 0
0.000467145, 0.000306339, 0.000139944, 5.389e-06, 8307, 2302, 99
0.000491101, 0.000353553, 0.000135852, 6.389e-06, 8505, 2435, 231
0.000357346, 0.000262819, 9.1732e-05, 6.286e-06, 8678, 2494, 396
0.00083587, 0.000673867, 0.000158809, 3.0944e-05, 8034, 2145, 231
0.000542266, 0.000380604, 0.000160265, 3.892e-06, 8110, 2459, 99
0.000752725, 0.000474407, 0.000274726, 8.781e-06, 8339, 2737, 165
0.000527335, 0.000367482, 0.000158161, 1.0649e-05, 7989, 2828, 363
0.000794288, 0.000563467, 0.000227736, 6.867e-06, 8296, 2641, 99
0.00093402, 0.000736787, 0.000194148, 7.264e-06, 7874, 2755, 99
0.000588912, 0.000377848, 0.000208179, 8.359e-06, 8422, 2550, 165
0.000448898, 0.000329684, 0.000116131, 4.976e-06, 8098, 2150, 165
0.000606128, 0.000462731, 0.000141804, 3.483e-06, 8643, 2535, 66
0.000679169, 0.000512287, 0.000163499, 3.98e-06, 8670, 2389, 66
0.000575462, 0.000430602, 0.000142573, 7.661e-06, 7859, 1994, 132
0.000416274, 0.000292308, 0.00012138, 7.46e-06, 8347, 2466, 297
0.00075614, 0.000470598, 0.000282358, 8.654e-06, 8132, 2750, 132
0.000985369, 0.000452788, 0.000530392, 9.552e-06, 8106, 2660, 264
0.000673543, 0.000483645, 0.00018741, 4.575e-06, 8097, 2705, 66
0.000497274, 0.00027644, 0.000219242, 0, 8146, 2673, 0
0.000446442, 0.000283204, 0.000161347, 0, 8363, 2476, 0
0.000323491, 0.000244807, 7.6397e-05, 0, 7884, 2087, 0
0.000331947, 0.000246797, 8.3459e-05, 0, 8697, 2322, 0
0.000489937, 0.000407485, 8.106e-05, 0, 8620, 2394, 0
0.000356263, 0.000269535, 8.5336e-05, 0, 8097, 2001, 0
0.000482279, 0.000370983, 0.000109903, 1.194e-06, 8415, 2481, 33
0.000406292, 0.000306235, 9.8067e-05, 0, 7852, 2688, 0
0.000757482, 0.000547722, 0.00020777, 3.381e-06, 8298, 2586, 33
0.000414491, 0.000287399, 0.000125103, 1.193e-06, 8008, 2732, 33
0.000347961, 0.00026572, 8.065e-05, 1.99e-06, 8410, 2595, 66
0.000702784, 0.000520003, 0.000180097, 2.188e-06, 7957, 2326, 33
0.00060483, 0.000463119, 0.000140019, 2.188e-06, 8421, 2353, 33
0.000384313, 0.000265689, 0.000117034, 3.182e-06, 8508, 2161, 198
0.000391871, 0.000252264, 0.000138413, 2.883e-06, 8641, 2392, 66
0.00119719, 0.000811782, 0.000382623, 0, 8175, 2070, 0
0.000487029, 0.000316201, 0.000167547, 0, 7883, 2320, 0
0.000346528, 0.000259623, 8.5712e-05, 1.194e-06, 8435, 2628, 33
0.000828699, 0.000613247, 0.000213563, 3.778e-06, 7995, 2607, 33
0.000507261, 0.000356932, 0.00014685, 0, 8286, 2636, 0
0.00091301, 0.00047296, 0.000437267, 2.685e-06, 7955, 2550, 33
0.000796088, 0.000470674, 0.000321438, 0, 8249, 2464, 0
0.000319122, 0.00024476, 7.2772e-05, 0, 8272, 2107, 0
0.000339801, 0.000260268, 7.8041e-05, 1.293e-06, 8537, 2328, 33
0.0014487, 0.00107108, 0.000374745, 0, 8692, 2331, 0
0.000676504, 0.000419369, 0.000255053, 3.8476e-05, 8001, 1929, 33
0.000434343, 0.000339541, 9.262e-05, 0, 8181, 2415, 0
0.00053525, 0.000399505, 0.000133664, 0, 8308, 2565, 0
0.000536936, 0.00035875, 0.000176202, 1.388e-06, 8011, 2670, 33
0.00047179, 0.000380466, 8.9043e-05, 0, 8272, 2517, 0
0.000520476, 0.000382647, 0.000135449, 0, 7958, 2639, 0
0.000646802, 0.000535746, 0.000108974, 0, 8443, 2431, 0
0.000675474, 0.00044041, 0.000231386, 0, 8049, 1995, 0
0.000471657, 0.000337175, 0.00013244, 0, 8652, 2342, 0
0.000379041, 0.000276622, 0.000100581, 1.634e-06, 8671, 2320, 33
0.00095281, 0.000723874, 0.000223932, 3.676e-06, 7920, 1920, 33
0.0011192, 0.000652433, 0.000462187, 9.868e-06, 8400, 2396, 165
0.000772482, 0.000400636, 0.000369099, 1.2006e-05, 8101, 2677, 330
0.000823553, 0.00055141, 0.000268888, 7.935e-06, 8145, 2524, 99
0.00102021, 0.000863231, 0.00015413, 2.441e-06, 8061, 2596, 33
0.000760856, 0.000449537, 0.000308074, 6.185e-06, 8188, 2560, 66
0.000620002, 0.000445277, 0.000172189, 3.346e-06, 8319, 2430, 66
0.00138005, 0.00097523, 0.00040147, 3.549e-06, 7887, 2007, 33
0.000512713, 0.000368817, 0.000142071, 7.302e-06, 8706, 2245, 198
0.000389206, 0.000286065, 0.000101524, 2.425e-06, 8608, 2273, 132
0.000637149, 0.000414688, 0.000221147, 0, 8138, 1946, 0
0.00122667, 0.000979436, 0.000242483, 7.585e-06, 8377, 2386, 99
0.000975594, 0.000673957, 0.000299412, 3.438e-06, 7853, 2548, 33
0.000853342, 0.000462214, 0.000387791, 1.3347e-05, 8344, 2527, 264
0.000524709, 0.000393279, 0.00012921, 4.742e-06, 7974, 2528, 132
0.000667637, 0.000468627, 0.000196589, 9.885e-06, 8384, 2513, 165
0.000427171, 0.00032933, 9.6126e-05, 5.345e-06, 8016, 2367, 264
0.000699511, 0.000511798, 0.000184082, 0, 8069, 2019, 0
0.000542483, 0.000384468, 0.000155699, 0, 8745, 2413, 0
0.000488033, 0.000371284, 0.000114636, 0, 8762, 2184, 0
0.00079903, 0.000521347, 0.000273556, 0, 8134, 1963, 0
0.000641821, 0.000436502, 0.000201695, 0, 7920, 2250, 0
0.000363543, 0.000272707, 8.9115e-05, 0, 8434, 2504, 0
0.000834331, 0.000522063, 0.000309239, 0, 7947, 2522, 0
0.000910252, 0.00059647, 0.000308734, 0, 8325, 2518, 0
0.000589876, 0.00042582, 0.000162351, 0, 7908, 2468, 0
0.00063818, 0.000434139, 0.000202137, 0, 8291, 2370, 0
0.000605689, 0.000423602, 0.000178785, 0, 8235, 1990, 0
0.000613293, 0.000419301, 0.000191492, 0, 8585, 2237, 0
0.000699734, 0.000467923, 0.000227108, 0, 8656, 2157, 0
0.000500839, 0.000358771, 0.000138766, 0, 7953, 1847, 0
0.000624176, 0.000419081, 0.000202797, 0, 8223, 2342, 0
0.000557143, 0.000392107, 0.000162737, 2.897e-06, 8270, 2436, 33
0.000319081, 0.000227673, 9.011e-05, 0, 8001, 2552, 0
0.000600099, 0.00040909, 0.000188112, 0, 8230, 2442, 0
0.000569131, 0.000410889, 0.000155045, 0, 8012, 2555, 0
0.00101497, 0.000788089, 0.000223287, 0, 8441, 2313, 0
0.00061369, 0.000430411, 0.000180086, 0, 7986, 1912, 0
0.000801858, 0.000492968, 0.000305398, 0, 8664, 2206, 0
0.000638333, 0.000449268, 0.000186671, 0, 8664, 2164, 0
0.000632726, 0.000395242, 0.000234195, 0, 7947, 1835, 0
0.000801447, 0.000460518, 0.000338238, 0, 8434, 2277, 0
0.000813804, 0.000590671, 0.000220841, 0, 8042, 2538, 0
0.000371325, 0.000277546, 9.1885e-05, 0, 8186, 2374, 0
0.000581502, 0.000380293, 0.000198618, 0, 8075, 2520, 0
0.000685959, 0.000451797, 0.000229682, 0, 8231, 2407, 0
0.00067451, 0.000460957, 0.000210666, 0, 8278, 2341, 0
0.000479275, 0.000341685, 0.0001354, 0, 7921, 1892, 0
0.00103451, 0.000797067, 0.000235058, 0, 8683, 2130, 0
0.000691032, 0.000432007, 0.000256439, 0, 8600, 2188, 0
0.000432206, 0.000297918, 0.000131602, 0, 8190, 1925, 0
0.000567289, 0.00042216, 0.000142941, 0, 8348, 2348, 0
0.000604396, 0.000486745, 0.000114546, 0, 7888, 2455, 0
0.000577403, 0.0004312, 0.000144501, 0, 8376, 2443, 0
0.000345982, 0.000267472, 7.6706e-05, 0, 7953, 2445, 0
0.000516618, 0.000372017, 0.000142899, 0, 8424, 2472, 0
0.000639789, 0.000425592, 0.000211494, 0, 7989, 2234, 0
0.000661482, 0.000488756, 0.000169824, 0, 8111, 1929, 0
0.000347253, 0.000257588, 8.8364e-05, 0, 8723, 2236, 0
0.000389256, 0.000303907, 8.3356e-05, 0, 8484, 1965, 0
0.000696255, 0.000560552, 0.000133708, 0, 8375, 2098, 0
0.000516781, 0.000381479, 0.000133109, 0, 8056, 2194, 0
0.000592712, 0.000418625, 0.000171297, 0, 8070, 2367, 0
0.000489476, 0.000328543, 0.00015894, 0, 8282, 2529, 0
0.00257254, 0.00234285, 0.000225705, 0, 8363, 2448, 0
0.000617326, 0.000457888, 0.000157246, 0, 7881, 2481, 0
0.00212373, 0.00140762, 0.000712725, 5.378e-06, 8334, 2390, 33
0.000509843, 0.000325885, 0.000180771, 2.2212e-05, 8190, 2176, 759
0.000905548, 0.000483649, 0.000419707, 2.4106e-05, 8613, 2674, 792
0.00045616, 0.000268417, 0.000186149, 1.7034e-05, 8648, 2801, 1089
0.00121834, 0.000823012, 0.000392242, 4.9976e-05, 7854, 2846, 1188
0.00114387, 0.000787869, 0.000353914, 2.0707e-05, 8010, 3143, 1089
0.00159495, 0.000926348, 0.000666314, 6.72e-05, 8098, 3535, 1155
0.00297527, 0.000359987, 0.000221507, 2.0114e-05, 7824, 3848, 1386
0.000738192, 0.000454861, 0.000280742, 5.4753e-05, 8057, 3596, 660
0.0223943, 0.000857421, 0.000546735, 2.9956e-05, 8054, 3497, 1155
0.000497873, 0.000328996, 0.000167185, 2.0496e-05, 8443, 3297, 1551
0.00206175, 0.00032412, 0.00037756, 0.000126286, 5728, 2411, 1155
0.00108272, 0.000645653, 0.000433089, 4.7571e-05, 5515, 2204, 1980
0.00266818, 0.000465371, 0.000365493, 3.1838e-05, 8191, 3149, 1452
0.000673884, 0.000376535, 0.000295359, 6.9442e-05, 6906, 2106, 4653
0.0177817, 0.000298542, 0.000200454, 4.2283e-05, 5813, 1605, 1485
0.000319035, 0.00020115, 0.000115398, 2.487e-05, 4214, 1022, 891
0.00401832, 0.000438977, 0.000802173, 0.000232222, 7927, 3143, 9834
0.021948, 0.00044942, 0.00055086, 0.000106713, 6647, 2945, 4620
0.00196516, 0.000383584, 0.000396114, 6.0265e-05, 6921, 2578, 2475
0.00103718, 0.000501432, 0.000533257, 0.000132069, 3353, 1825, 5742
0.00638975, 0.000949609, 0.000640894, 0.000299066, 3624, 1637, 9900
0.0210144, 0.00130376, 0.000692993, 5.5184e-05, 4357, 1172, 1914
0.0190844, 0.000890446, 0.000154272, 1.3817e-05, 8253, 1441, 363
0.00174272, 0.000270971, 0.000124949, 1.093e-06, 7377, 1030, 33
0.00197552, 0.000341844, 0.000322561, 0.000162124, 7900, 1066, 4125
0.00203628, 0.000313677, 9.6272e-05, 2.3179e-05, 7725, 824, 693
0.0171776, 0.000180127, 8.1597e-05, 3.04e-05, 8133, 469, 2376
0.000451854, 0.000305989, 0.000144181, 5.0798e-05, 7721, 438, 1584
0.0166463, 0.000292621, 0.000151113, 5.0406e-05, 8456, 726, 1848
0.0012093, 0.000465617, 0.000741998, 0.00047641, 8036, 1124, 5841
0.00629674, 0.000473243, 0.00112909, 0.000788453, 8148, 1274, 7590
0.00168789, 0.000558207, 0.00112731, 0.000691572, 8732, 2044, 13893
0.00312262, 0.000345439, 0.00071365, 0.000373952, 8694, 2319, 15708
0.00173927, 0.000571772, 0.00116572, 0.000482367, 8557, 2508, 15180
0.0018367, 0.000822757, 0.00101058, 0.000427318, 8432, 2531, 11715
0.00142124, 0.000433589, 0.000985869, 0.000378151, 8141, 2708, 6534
0.0041481, 0.000694434, 0.00104833, 0.000323409, 8267, 3083, 5676
0.00105328, 0.000512585, 0.000539312, 0.000134631, 8128, 2911, 3432
0.00162804, 0.000714332, 0.000908655, 0.000133245, 8216, 2803, 3102
0.000812621, 0.000511625, 0.000299116, 5.3252e-05, 7923, 2414, 3828
0.0137019, 0.000361374, 0.000264869, 6.0381e-05, 8462, 2486, 3663
0.00158585, 0.000933772, 0.000649107, 0.000232201, 8752, 2360, 5082
0.00139412, 0.000857557, 0.000534192, 0.000161339, 8786, 2324, 5412
0.036864, 0.000566986, 0.000539077, 8.2144e-05, 7903, 2084, 4125
0.000784518, 0.000395574, 0.000386667, 3.2464e-05, 8294, 1879, 1221
0.00100779, 0.000503449, 0.000501965, 0.000106483, 8218, 1919, 4455
0.0325306, 0.000567283, 0.000380432, 0.000127473, 8213, 1907, 4059
0.00112772, 0.00037782, 0.000747822, 0.000347543, 8234, 1734, 19140
0.00214065, 0.000630855, 0.00150772, 0.00107112, 8180, 1934, 8943
0.00126794, 0.000431355, 0.000834905, 0.000319723, 8474, 2226, 9570
0.00149822, 0.000913279, 0.000583057, 0.000227898, 7886, 2075, 8613
0.0489725, 0.000477669, 0.000622902, 0.000229671, 8682, 2540, 9141
0.000873221, 0.000469352, 0.000400081, 9.4788e-05, 8802, 2586, 4125
0.000883387, 0.000507726, 0.000372172, 5.9204e-05, 8197, 2148, 1254
0.000831857, 0.000484203, 0.000345461, 6.9273e-05, 8502, 2370, 1914
0.00106668, 0.000609291, 0.0004551, 9.1095e-05, 8053, 2453, 2508
0.000931654, 0.000561305, 0.000368356, 0.000118098, 8288, 2418, 2937
0.000685286, 0.000422275, 0.000259922, 4.4254e-05, 8059, 2455, 2343
0.00113227, 0.000643816, 0.000485572, 0.00017973, 8297, 2515, 3828
0.0195435, 0.000520285, 0.000811011, 0.000117668, 8161, 2382, 2838
0.000760829, 0.000444762, 0.00031378, 4.8334e-05, 7976, 2301, 1881
0.00062209, 0.000416616, 0.000202988, 1.9992e-05, 8748, 2709, 957
0.000960833, 0.000497772, 0.000461371, 5.1618e-05, 8489, 2648, 1221
0.000808767, 0.000486334, 0.000317659, 4.137e-05, 7831, 2326, 1452
0.0279017, 0.000373155, 0.000291104, 3.8189e-05, 7984, 2516, 1881
0.000731247, 0.000477056, 0.000252103, 4.2367e-05, 7760, 2642, 2046
0.00177695, 0.00135728, 0.000416193, 7.538e-05, 8158, 2749, 2277
0.0109587, 0.000475167, 0.000379894, 0.000115365, 7910, 2716, 6699
0.00168208, 0.000566063, 0.00111333, 9.7955e-05, 8280, 2637, 2079
0.000707321, 0.000453714, 0.000251754, 5.2781e-05, 7810, 2179, 1518
0.0183817, 0.000671929, 0.000300932, 5.895e-05, 8094, 1875, 1089
0.000941997, 0.000559374, 0.000380564, 7.0471e-05, 8675, 2163, 1419
0.0158872, 0.000421203, 0.000216466, 2.0369e-05, 8433, 1948, 297
0.000559368, 0.000416658, 0.000140661, 1.3831e-05, 8359, 1905, 495
0.000757914, 0.000414199, 0.000341154, 5.2348e-05, 7910, 1985, 891
0.00142229, 0.000627497, 0.000476386, 6.6905e-05, 8139, 2265, 1155
0.0171055, 0.000405389, 0.000233377, 3.6986e-05, 8215, 2396, 1023
0.000823071, 0.00060168, 0.000219752, 2.1516e-05, 8147, 2519, 495
0.000571888, 0.000408988, 0.00016137, 1.0617e-05, 8127, 2394, 330
0.000541676, 0.000352952, 0.000186581, 7.86e-06, 7886, 2078, 231
0.000824099, 0.000507994, 0.000314064, 1.4186e-05, 8361, 2214, 198
0.0183333, 0.000736423, 0.000887382, 0.000108092, 8527, 2366, 660
0.00072629, 0.000443059, 0.000281808, 3.5096e-05, 8390, 2348, 594
0.000699127, 0.000451909, 0.000245081, 2.3299e-05, 8038, 2126, 660
0.00360846, 0.000591185, 0.000410096, 2.0957e-05, 7476, 2115, 396
0.00065416, 0.000415896, 0.000236433, 1.9432e-05, 8192, 2222, 330
0.00604467, 0.000329695, 0.00017418, 2.1505e-05, 7963, 2053, 396
0.000798672, 0.000538468, 0.000258278, 8.0241e-05, 8049, 1895, 1155
0.00385134, 0.000961289, 0.000563118, 0.000171744, 8109, 1729, 2046
0.00106649, 0.000633622, 0.00043043, 0.000132287, 8384, 1644, 1254
0.00106259, 0.000631525, 0.000428336, 0.00015057, 7939, 1568, 3300
0.00253298, 0.000340807, 0.000229903, 8.2163e-05, 8694, 2139, 3135
0.00127129, 0.000769513, 0.000497642, 3.8435e-05, 8969, 2667, 693
0.000740763, 0.000524678, 0.00021437, 0, 8856, 2662, 0
0.0017606, 0.00140568, 0.000351596, 0, 8972, 2956, 0
0.0392934, 0.000608171, 0.000221546, 2.114e-06, 8173, 2812, 33
0.000562875, 0.000401824, 0.000159441, 0, 8408, 3132, 0
0.00110703, 0.000743757, 0.000360856, 2.819e-06, 8062, 3297, 33
0.000558771, 0.000438116, 0.000118847, 0, 8353, 2816, 0
0.0374762, 0.000512659, 0.000201829, 6.329e-06, 8096, 2933, 132
0.00143219, 0.000743722, 0.000685454, 0.000316357, 8030, 2951, 792
0.00100302, 0.000665663, 0.000335444, 4.4403e-05, 8578, 3365, 825
0.0245251, 0.000537574, 0.000248544, 1.4166e-05, 8287, 3133, 561
0.00102388, 0.000659818, 0.000361451, 1.7149e-05, 7731, 3064, 264
0.00329368, 0.000531345, 0.000364359, 5.9173e-05, 7840, 2950, 924
0.00136136, 0.000832722, 0.000524926, 9.0158e-05, 7754, 2715, 4917
0.0237809, 0.000525428, 0.000494238, 0.000147436, 7928, 2960, 2574
0.00106491, 0.000589138, 0.000474073, 8.5923e-05, 7972, 2924, 2706
0.0021793, 0.000296522, 0.000224119, 4.7966e-05, 8349, 2916, 1485
0.000597049, 0.00035871, 0.000236536, 2.6735e-05, 7861, 2496, 1188
0.0276173, 0.000895372, 0.000543773, 6.1592e-05, 8200, 2777, 1485
0.000895273, 0.00052795, 0.000364118, 7.1807e-05, 8612, 3112, 4752
0.00202044, 0.000348141, 0.000359542, 8.561e-05, 8273, 2823, 4686
0.000667479, 0.000408647, 0.000257231, 5.4706e-05, 8039, 2618, 1947
0.0237193, 0.000468355, 0.000413649, 4.6709e-05, 7713, 2377, 1386
0.000727485, 0.000445452, 0.000280633, 3.7404e-05, 7931, 2842, 1650
0.000437051, 0.000286206, 0.000149647, 2.797e-05, 7989, 2715, 1749
0.0257011, 0.0002914, 0.000170225, 2.3079e-05, 8002, 2771, 1419
0.000521765, 0.000336754, 0.000182213, 2.8371e-05, 8055, 2599, 1617
0.000930544, 0.000550335, 0.000377012, 7.8613e-05, 7861, 2219, 1716
0.000570841, 0.000345399, 0.000222848, 4.5106e-05, 8391, 2258, 1881
0.000708561, 0.000446294, 0.000259972, 4.3509e-05, 8491, 2107, 1254
0.0171644, 0.000315061, 0.000163867, 3.333e-05, 8556, 2105, 1518
0.000953065, 0.000555372, 0.000394599, 4.8303e-05, 8154, 1880, 924
0.000632416, 0.000438011, 0.00019221, 3.0038e-05, 7933, 2265, 1056
0.000738631, 0.000453301, 0.000283325, 4.169e-05, 8471, 2627, 858
0.000593451, 0.000419077, 0.000172778, 1.9853e-05, 8022, 2742, 594
0.000938708, 0.00068822, 0.000248394, 2.6235e-05, 8414, 2934, 594
0.00164578, 0.0011868, 0.000455088, 1.9153e-05, 8085, 2982, 231
0.000686794, 0.000477367, 0.000207932, 1.216e-05, 8265, 2869, 264
0.000527406, 0.000338712, 0.000187298, 2.0632e-05, 8143, 2609, 726
0.00192691, 0.00134359, 0.000581233, 2.1333e-05, 8705, 3305, 495
0.000741219, 0.000500193, 0.000239132, 1.4255e-05, 8707, 3364, 495
0.000770904, 0.000507129, 0.000261384, 2.2813e-05, 8189, 2817, 528
0.0293172, 0.000876891, 0.000368069, 8.3974e-05, 8447, 3182, 231
0.000737036, 0.000472863, 0.000261483, 1.0562e-05, 7952, 3283, 198
0.0012082, 0.000543686, 0.000662923, 1.2751e-05, 8461, 3316, 165
0.000916538, 0.000665314, 0.000249131, 1.046e-05, 8016, 3285, 165
0.000800615, 0.000553521, 0.0002456, 3.584e-06, 8403, 3126, 66
0.000441224, 0.000303939, 0.000135991, 2.987e-06, 8030, 2653, 99
0.000891807, 0.000510514, 0.000379202, 3.683e-06, 8069, 2369, 33
0.000523357, 0.000366061, 0.000142164, 6.473e-06, 8758, 2811, 264
0.000538211, 0.000435823, 0.000100796, 0, 8478, 2537, 0
0.000741894, 0.000492938, 0.00024627, 0, 8293, 2497, 0
0.000756422, 0.000440102, 0.000313434, 9.653e-06, 8038, 2761, 132
0.00094488, 0.000724979, 0.000217115, 1.99e-06, 7963, 2988, 33
0.000637825, 0.000474614, 0.00016152, 2.884e-06, 8190, 3026, 66
0.00079278, 0.000533593, 0.000257, 1.263e-05, 8015, 2991, 264
0.00207231, 0.00168184, 0.000386991, 1.7009e-05, 8269, 2919, 231
0.000622409, 0.000430256, 0.000189965, 4.276e-06, 7838, 2415, 99
0.000572453, 0.000403839, 0.000167222, 2.188e-06, 8287, 2192, 33
0.000719195, 0.000485462, 0.000231844, 7.3668e-05, 8615, 2327, 297
0.000816029, 0.000515585, 0.000297659, 1.2326e-05, 8525, 2231, 198
0.000754389, 0.000619975, 0.000132028, 6.462e-06, 8390, 2174, 165
0.00078136, 0.000404992, 0.000373685, 7.9905e-05, 7919, 2408, 1089
0.000595512, 0.00043272, 0.000161201, 4.323e-05, 8374, 2853, 1485
0.000737532, 0.000472871, 0.000262474, 1.8981e-05, 8192, 2936, 660
0.0212519, 0.000870905, 0.000590144, 6.2118e-05, 8328, 3253, 1122
0.00114983, 0.000565823, 0.000581521, 8.3157e-05, 8134, 3122, 1254
0.00139632, 0.000685247, 0.000708197, 7.173e-05, 8095, 2989, 1485
0.00112109, 0.000541519, 0.000578176, 0.000168884, 8428, 3146, 1848
0.0013454, 0.000770803, 0.000572514, 0.000138283, 8500, 3305, 2343
0.00349138, 0.000950163, 0.000731467, 0.000104681, 8728, 3692, 2244
0.00123292, 0.000545845, 0.000684094, 0.000211643, 8157, 3357, 660
0.000651518, 0.000402332, 0.000247894, 6.455e-06, 7862, 3349, 231
0.00227852, 0.000388527, 0.000209658, 1.1123e-05, 8198, 3436, 330
0.000810226, 0.000551307, 0.000256833, 9.139e-06, 7674, 3408, 264
0.0183188, 0.000406309, 0.000175452, 7.15e-06, 8134, 3289, 231
0.00065514, 0.00043153, 0.00022222, 4.27e-06, 7831, 2871, 66
0.0270814, 0.000579378, 0.000475318, 7.4571e-05, 8119, 2783, 759
0.000618501, 0.000418721, 0.000197396, 3.3167e-05, 8160, 2365, 1254
0.00326799, 0.000495276, 0.000309237, 5.4704e-05, 8552, 2350, 1551
0.000862091, 0.000459934, 0.000401065, 0.000107907, 8535, 2020, 4092
0.00398732, 0.000357186, 0.000506891, 0.000279249, 7980, 1859, 4125
0.00212485, 0.000612022, 0.00150975, 0.000751509, 8849, 2530, 12210
0.0188816, 0.00101549, 0.00112368, 0.000328733, 8090, 2938, 8646
0.00119862, 0.000422036, 0.000774792, 0.000246954, 8916, 3380, 7227
0.00487307, 0.000805363, 0.000634444, 9.6178e-05, 8070, 3279, 2013
0.00155822, 0.000763973, 0.000792559, 3.7319e-05, 8440, 2999, 627
0.0019478, 0.00157519, 0.000368835, 3.5935e-05, 7988, 2833, 1386
0.0007579, 0.000535402, 0.000220909, 7.145e-06, 8121, 2860, 231
0.000869049, 0.000546716, 0.000320348, 1.6871e-05, 8729, 3262, 363
0.00414557, 0.000810001, 0.00122056, 1.1909e-05, 8480, 2970, 198
0.0008624, 0.000629482, 0.000230436, 1.6673e-05, 8284, 3203, 429
0.00140605, 0.000896714, 0.000507149, 4.7133e-05, 7937, 2840, 726
0.000906042, 0.000618879, 0.000284683, 2.8579e-05, 7908, 2929, 660
0.0171392, 0.000467558, 0.00024777, 3.7112e-05, 7977, 3466, 1716
0.00177606, 0.00114925, 0.000623443, 0.000162934, 7709, 3257, 858
0.0232431, 0.00105466, 0.000686073, 9.4455e-05, 8235, 3431, 1749
0.000774077, 0.00055868, 0.00021371, 2.0339e-05, 7567, 3246, 891
0.00306406, 0.000416803, 0.00028574, 6.449e-06, 5598, 2684, 99
0.0201598, 0.000333561, 0.000243176, 0, 2079, 1135, 0
0.00554139, 0.00104016, 0.000596816, 4.3849e-05, 7752, 3912, 990
0.00357107, 0.00267315, 0.000867026, 0.000179023, 5613, 2875, 2145
0.0234573, 0.000875727, 0.00132285, 0.000120689, 6231, 2906, 4950
0.0025549, 0.000581474, 0.000517812, 0.000126435, 8013, 3789, 4818
0.0194668, 0.000549247, 0.000652502, 0.000179882, 7757, 3570, 7590
0.00451158, 0.000917325, 0.000770905, 0.000260368, 8260, 3474, 12441
0.00551246, 0.00154716, 0.00111275, 0.000424211, 8097, 3327, 13926
0.025023, 0.000562512, 0.000788626, 0.000320064, 8260, 3257, 22671
0.00477028, 0.000724615, 0.00201467, 0.00066829, 8441, 3509, 15939
0.00466604, 0.000815786, 0.00384739, 0.00109929, 8500, 4096, 11484
0.00623288, 0.000987931, 0.000918835, 0.000230152, 9163, 4474, 7359
0.00176343, 0.000673931, 0.00108712, 0.000164423, 8835, 4225, 4125
0.000969816, 0.000561774, 0.000406359, 5.3359e-05, 8324, 3990, 2673
0.00787893, 0.00101046, 0.00185836, 0.000364728, 8492, 4060, 3201
0.00293536, 0.000869295, 0.00206248, 0.000126213, 7832, 4106, 3630
0.00131377, 0.000707044, 0.000604371, 0.000104012, 8273, 4084, 3894
0.000899698, 0.000590654, 0.000307509, 3.1323e-05, 7763, 3772, 1551
0.0253979, 0.000509994, 0.000413458, 4.6383e-05, 8159, 3874, 1881
0.00108829, 0.000607242, 0.000478699, 6.198e-05, 8113, 3668, 1782
0.00198717, 0.000398474, 0.000208768, 2.0997e-05, 6982, 3307, 1089
0.00120225, 0.000760352, 0.000440166, 7.8596e-05, 8209, 3338, 1617
0.0276988, 0.00025148, 0.000127626, 1.5291e-05, 3683, 1531, 396
0.00257552, 0.000300015, 0.000147266, 9.748e-06, 4260, 1203, 165
0.000629077, 0.000442405, 0.000184945, 2.0518e-05, 6654, 2378, 660
0.0542213, 0.00476642, 0.0014954, 0.000181287, 7672, 2663, 858
0.00267612, 0.000610137, 0.00037163, 0.000111862, 8093, 2370, 5841
0.000916674, 0.000704791, 0.000209554, 4.0693e-05, 7905, 1814, 528
0.0140382, 0.000474686, 0.0001148, 0, 8482, 1576, 0
0.00113848, 0.000673915, 0.000460614, 9.253e-05, 8136, 1992, 4092
0.00381912, 0.000737314, 0.000515635, 0.000137799, 8723, 2562, 5610
0.000956975, 0.000682905, 0.000272556, 2.6854e-05, 8882, 2996, 1320
0.0153739, 0.000645453, 0.000163332, 6.664e-06, 9185, 3241, 264
0.000935069, 0.000572469, 0.000360581, 2.221e-06, 8573, 2845, 33
0.00116897, 0.000738701, 0.000427955, 2.1045e-05, 8627, 3139, 495
0.000894879, 0.000614645, 0.000278221, 1.4703e-05, 8315, 3198, 693
0.000907265, 0.00065603, 0.00024922, 1.6615e-05, 8132, 3287, 759
0.00150318, 0.000947805, 0.00055265, 1.4739e-05, 8148, 3287, 198
0.000965473, 0.00057476, 0.000388289, 1.2621e-05, 7751, 3051, 132
0.00450576, 0.000871495, 0.00363135, 2.7501e-05, 8244, 3711, 396
0.029514, 0.000661051, 0.000174379, 6.549e-06, 8563, 3494, 264
0.000833113, 0.000546108, 0.000285293, 3.0321e-05, 8119, 3284, 759
0.00100568, 0.000475288, 0.000527873, 1.4607e-05, 7971, 2549, 165
0.0214643, 0.00108651, 0.000448237, 4.9971e-05, 7251, 1983, 627
0.00212114, 0.000679998, 0.00143782, 4.9974e-05, 7960, 2597, 957
0.00127433, 0.000863696, 0.000407416, 5.5103e-05, 7779, 2444, 825
0.0310346, 0.000517212, 0.000253881, 2.8656e-05, 7985, 2261, 495
0.000659085, 0.000415867, 0.000240908, 1.787e-05, 7926, 2059, 297
0.00096042, 0.000598957, 0.000358049, 4.1757e-05, 8052, 1960, 528
0.00039519, 0.000298425, 9.4857e-05, 5.52e-06, 8329, 1867, 231
0.000695623, 0.000443171, 0.000250946, 2.1378e-05, 8495, 2009, 429
0.000910332, 0.000621041, 0.000286982, 3.3126e-05, 8676, 2108, 231
0.00055969, 0.000380878, 0.00017761, 1.2831e-05, 8072, 1827, 264
0.000733891, 0.000541348, 0.000189236, 1.1728e-05, 8115, 2272, 231
0.000630152, 0.00038579, 0.000242057, 1.7642e-05, 8420, 2409, 330
0.000602188, 0.000406437, 0.000194649, 1.0425e-05, 8009, 2645, 198
0.0144288, 0.000300306, 0.00012663, 5.805e-06, 8454, 2697, 198
0.00113225, 0.000631544, 0.000498408, 2.7329e-05, 8083, 3024, 396
0.00082434, 0.000522133, 0.000299706, 1.1512e-05, 8426, 2942, 198
0.00122955, 0.000681696, 0.000544455, 2.9329e-05, 8206, 3105, 363
0.00497317, 0.00143115, 0.000570839, 2.9296e-05, 8635, 3679, 528
0.000938799, 0.000609635, 0.000327465, 7.799e-06, 8900, 3886, 165
0.00117957, 0.000599736, 0.000576838, 1.9399e-05, 8127, 3648, 231
0.00136825, 0.00074632, 0.000618633, 1.7299e-05, 8351, 3383, 231
0.00136605, 0.000981095, 0.000380959, 9.3e-06, 8165, 3517, 132
0.000938871, 0.000516434, 0.000419741, 2.9269e-05, 8005, 3774, 66
0.000898816, 0.00056578, 0.000331137, 0, 8084, 3696, 0
0.00121467, 0.000898116, 0.000314256, 2.497e-06, 8081, 3306, 66
0.000862408, 0.000606809, 0.000252604, 0, 8364, 3083, 0
0.000790649, 0.000515988, 0.000271168, 4.491e-06, 7871, 2598, 66
0.0342646, 0.000381275, 0.000233434, 0, 8684, 2768, 0
0.000809037, 0.000546873, 0.00025987, 3.591e-06, 8634, 2762, 66
0.000466767, 0.000337082, 0.00012789, 7.383e-06, 8435, 2406, 165
0.000817794, 0.000516554, 0.000265354, 3.09e-06, 7962, 2531, 33
0.00373321, 0.00100241, 0.000307321, 3.189e-06, 8150, 2892, 33
0.000503097, 0.000380887, 0.000120915, 0, 8233, 2932, 0
0.000549349, 0.000353175, 0.00019468, 0, 8182, 3044, 0
0.000994569, 0.00059461, 0.00039737, 4.384e-06, 8210, 3047, 66
0.00059461, 0.000439507, 0.000152911, 2.291e-06, 7943, 2807, 33
0.015335, 0.000826018, 0.000175125, 3.885e-06, 8421, 2908, 66
0.000723314, 0.000505752, 0.000216367, 0, 8539, 2942, 0
0.000404143, 0.000295561, 0.000106191, 0, 8627, 3078, 0
0.000477084, 0.000373245, 0.000101549, 1.294e-06, 8217, 2647, 33
0.000743801, 0.000469418, 0.000271297, 2.191e-06, 7831, 2781, 33
0.000608003, 0.000372946, 0.000233564, 2.588e-06, 8415, 3141, 33
0.000851722, 0.000596455, 0.000252082, 1.792e-06, 8034, 3117, 33
0.000740836, 0.000503012, 0.000235635, 4.378e-06, 8335, 3182, 66
0.000649387, 0.000453258, 0.000194836, 5.571e-06, 8010, 3104, 132
0.00474284, 0.000967514, 0.000266482, 4.279e-06, 8225, 3053, 66
0.000721232, 0.000487787, 0.000231654, 2.686e-06, 8307, 2935, 33
0.000801676, 0.000581265, 0.000217527, 1.791e-06, 8505, 3319, 33
0.000943809, 0.000580668, 0.000361351, 2.189e-06, 8774, 3490, 66
0.00109032, 0.000736527, 0.000351703, 2.487e-06, 8053, 3210, 66
0.000696941, 0.000461311, 0.000233838, 7.957e-06, 8048, 3333, 99
0.000750657, 0.000532121, 0.000216746, 2.486e-06, 8299, 3627, 33
0.00101344, 0.000586407, 0.000425537, 3.878e-06, 7913, 3709, 66
0.000841531, 0.000534706, 0.000304936, 0, 8246, 3496, 0
0.000815979, 0.000633237, 0.000179959, 0, 7802, 3238, 0
0.0145128, 0.000492084, 0.000184966, 2.386e-06, 8377, 2893, 33
0.00059545, 0.000439506, 0.000153956, 5.268e-06, 8082, 2383, 99
0.000638287, 0.000437419, 0.000198583, 1.1827e-05, 8643, 2584, 231
0.000691163, 0.000548438, 0.000140638, 2.386e-06, 8579, 2297, 33
0.000463718, 0.000333356, 0.000128772, 2.881e-06, 7656, 1931, 33
0.000451, 0.00034846, 0.000100652, 0, 8143, 2098, 0
0.0321025, 0.000411832, 6.8638e-05, 0, 7958, 2172, 0
0.000572851, 0.000411039, 0.00015913, 0, 8018, 2251, 0
0.00086496, 0.000564955, 0.000297224, 0, 8058, 2351, 0
0.000636357, 0.000492064, 0.000142307, 3.277e-06, 8093, 2235, 33
0.000776676, 0.000579355, 0.000195336, 0, 8349, 2169, 0
0.00274133, 0.000353947, 0.000112985, 0, 7889, 2144, 0
0.000727552, 0.000559663, 0.000165407, 0, 8697, 2279, 0
0.00049771, 0.000388995, 0.000106929, 0, 8661, 2771, 0
0.0020097, 0.000429899, 0.000136218, 1.787e-06, 8156, 2386, 33
0.000745473, 0.000616132, 0.000127157, 0, 8476, 2759, 0
0.000666557, 0.000463464, 0.000201109, 1.6376e-05, 7998, 2756, 627
0.0147227, 0.000347226, 0.000132319, 7.248e-06, 8496, 3012, 462
0.000773167, 0.000523716, 0.000247564, 2.2133e-05, 8048, 2938, 825
0.000759469, 0.000506842, 0.000249351, 1.1117e-05, 8463, 2875, 198
0.000666044, 0.000510227, 0.000153832, 0, 7991, 2510, 0
0.00109003, 0.000714873, 0.000371877, 0, 8422, 2873, 0
0.00110471, 0.000675572, 0.000425172, 9.528e-06, 8507, 2980, 99
0.00214998, 0.000573547, 0.0003293, 0, 8514, 3086, 0
0.00080953, 0.000464205, 0.000342844, 0, 8051, 2909, 0
0.00127314, 0.000845551, 0.000422924, 0, 7722, 2719, 0
0.00136532, 0.000791767, 0.00057068, 0, 7993, 3072, 0
0.000855176, 0.000611464, 0.000241529, 0, 7873, 3249, 0
0.013672, 0.000482695, 0.000249136, 0, 8226, 3158, 0
0.00062686, 0.000454716, 0.000169861, 0, 7922, 2988, 0
0.000634896, 0.0003934, 0.000239413, 0, 8246, 2647, 0
0.00222447, 0.000550561, 0.000186629, 0, 8274, 2508, 0
0.000652359, 0.000442016, 0.000207762, 3.473e-06, 8542, 2699, 33
0.0136871, 0.000359127, 0.000139484, 3.472e-06, 9038, 3146, 99
0.000530655, 0.000366766, 0.0001625, 4.762e-06, 8660, 2928, 99
0.00114068, 0.000637302, 0.000499901, 8.234e-06, 8604, 3345, 66
0.0420846, 0.000787203, 0.000340378, 1.1707e-05, 8614, 3848, 198
0.0012583, 0.000835033, 0.000421386, 1.0118e-05, 8325, 4186, 165
0.0010611, 0.000570676, 0.000488838, 1.0613e-05, 8460, 4008, 165
0.00128598, 0.000959327, 0.000323875, 3.174e-06, 8065, 3911, 99
0.000690972, 0.000512099, 0.000177185, 4.268e-06, 8454, 3896, 132
0.000509816, 0.000348811, 0.000159516, 1.29e-06, 8051, 3678, 33
0.00135849, 0.00067086, 0.000683763, 1.4986e-05, 8624, 4330, 231
0.00116445, 0.000723663, 0.000438307, 2.4118e-05, 8574, 4353, 462
0.00238895, 0.00108465, 0.00130132, 1.6774e-05, 7616, 3645, 561
0.000971226, 0.000632994, 0.000336446, 3.1758e-05, 7750, 3635, 495
0.00106313, 0.00065731, 0.00040304, 2.3622e-05, 7734, 3728, 528
0.0164526, 0.000390832, 0.000221022, 9.431e-06, 7889, 3639, 297
0.00106114, 0.000691153, 0.000366815, 1.2706e-05, 7932, 3657, 231
0.00338331, 0.000325429, 0.000159489, 7.84e-06, 7834, 3047, 231
0.000853363, 0.000607347, 0.000243733, 1.9455e-05, 8241, 2881, 462
0.000667188, 0.00046593, 0.000199174, 8.435e-06, 7821, 2617, 132
0.0209971, 0.000271917, 0.00013437, 6.351e-06, 7667, 2247, 165
0.000632256, 0.000445884, 0.000184883, 7.84e-06, 8290, 2372, 66
0.00377473, 0.000321133, 9.0489e-05, 5.861e-06, 7638, 1833, 132
0.000495222, 0.000359899, 0.000134191, 8.431e-06, 7818, 1702, 198
0.0246932, 0.000442779, 0.000203395, 2.1285e-05, 7701, 1688, 429
0.000713937, 0.000456147, 0.000256043, 3.0227e-05, 8365, 2002, 528
0.0157252, 0.000682629, 0.000188265, 2.457e-05, 8078, 2457, 990
0.00077712, 0.000510539, 0.000264329, 4.0434e-05, 8460, 2670, 1023
0.00865305, 0.00107943, 0.00166859, 5.8354e-05, 8019, 2702, 726
0.00142187, 0.000889117, 0.000529068, 5.6202e-05, 8218, 2949, 990
0.00110675, 0.000599925, 0.00050468, 4.1606e-05, 8747, 3581, 1023
0.00141349, 0.000874139, 0.000535885, 6.4755e-05, 8795, 3411, 1089
0.000757886, 0.000493054, 0.000263098, 4.1504e-05, 8057, 3317, 1584
0.0010528, 0.000646427, 0.000404233, 6.639e-05, 7764, 3143, 1617
0.000950621, 0.00064663, 0.000302563, 2.7738e-05, 7940, 3253, 1155
0.00052745, 0.000332324, 0.000193805, 5.1828e-05, 7436, 3217, 1122
0.0538117, 0.000625927, 0.000356308, 4.4919e-05, 8213, 3497, 1089
0.000743104, 0.000470131, 0.000270839, 2.1646e-05, 4044, 2035, 33
0.00400638, 0.000862924, 0.000298278, 1.7378e-05, 6665, 2675, 396
0.021479, 0.0006966, 0.000290799, 4.6913e-05, 6343, 2367, 1551
0.000324235, 0.000198696, 0.000123919, 1.6012e-05, 3153, 1733, 825
0.0246393, 0.000428013, 0.000323036, 8.9675e-05, 6365, 1655, 5544
0.000480601, 0.00017459, 0.000302871, 0.00013244, 3944, 503, 3696
0.00488818, 0.000595257, 0.000785759, 0.000217678, 7582, 1621, 3498
0.0140399, 0.000493891, 0.000662462, 0.00030279, 7854, 1917, 6270
0.000844981, 0.000339266, 0.000503795, 0.000228908, 7995, 2019, 8250
0.00482794, 0.000307835, 0.000538561, 0.000230216, 8479, 2355, 6732
0.00173113, 0.000881952, 0.000846157, 0.000233921, 8530, 2817, 5082
0.00333915, 0.000513018, 0.000546695, 0.00012553, 8647, 2791, 3531
0.0008149, 0.000366614, 0.000446572, 8.8334e-05, 8034, 2768, 4521
0.00275525, 0.000478434, 0.000531873, 0.000127742, 8664, 3289, 4257
0.00113866, 0.000632299, 0.000504347, 8.6616e-05, 9078, 3860, 2871
0.00087896, 0.000561588, 0.00031546, 3.0589e-05, 8545, 3597, 1452
0.000889123, 0.000537639, 0.000348364, 3.3107e-05, 8498, 3673, 1353
0.000903009, 0.00057628, 0.000325019, 2.1334e-05, 8034, 3678, 495
0.00134344, 0.000674792, 0.000665635, 8.251e-06, 8108, 3644, 66
0.00101491, 0.00069057, 0.000321931, 5.926e-06, 7932, 3761, 132
0.0447172, 0.000376273, 0.000138415, 0, 8118, 3281, 0
0.000873684, 0.000634119, 0.000237255, 0, 8229, 3200, 0
0.0335421, 0.0010349, 0.000191655, 0, 7821, 2730, 0
0.000691502, 0.000525822, 0.000163573, 5.215e-06, 8573, 2760, 165
0.0147435, 0.000460634, 0.000173803, 1.3738e-05, 8551, 2287, 627
0.0211823, 0.000423626, 0.000123859, 0, 8166, 1845, 0
0.00047496, 0.000342355, 0.0001307, 0, 8472, 2029, 0
0.00261611, 0.000468719, 8.9137e-05, 0, 8234, 2188, 0
0.000965481, 0.000785706, 0.00017627, 3.105e-06, 8609, 2344, 33
0.000595313, 0.000424852, 0.000168759, 0, 8052, 2271, 0
0.0150956, 0.00048885, 0.000163251, 0, 8442, 2273, 0
0.000515775, 0.000425945, 8.6029e-05, 1.401e-06, 8072, 1863, 33
0.000496069, 0.000376128, 0.000106737, 0, 8111, 1879, 0
0.000407238, 0.000345418, 6.022e-05, 0, 8723, 1909, 0
0.00158044, 0.000417242, 7.5025e-05, 0, 8485, 1724, 0
0.000334364, 0.000287197, 4.5568e-05, 0, 8391, 1751, 0
0.000518034, 0.000416406, 9.853e-05, 0, 8054, 1627, 0
0.000450482, 0.000391224, 5.7759e-05, 0, 8054, 1744, 0
0.000568243, 0.000443165, 0.000123179, 0, 8273, 1772, 0
0.000320186, 0.00027463, 4.3357e-05, 0, 8352, 1752, 0
0.000368101, 0.000315201, 5.0704e-05, 0, 7877, 1680, 0
0.000528097, 0.000423296, 0.000101507, 0, 8334, 1634, 0
0.00229175, 0.000444556, 0.000131051, 0, 8181, 1490, 0
0.000590603, 0.000418867, 0.00017014, 1.796e-06, 8583, 1832, 33
0.00075446, 0.000657821, 9.4445e-05, 0, 8567, 1863, 0
0.000848605, 0.000638274, 0.000207538, 0, 7782, 1804, 0
0.000805322, 0.000717858, 8.5269e-05, 0, 7992, 1842, 0
0.0246877, 0.000411397, 8.7004e-05, 0, 7988, 1865, 0
0.000733498, 0.00059826, 0.000132149, 0, 7903, 1801, 0
0.000435315, 0.000355887, 7.7635e-05, 0, 8076, 1737, 0
0.000304462, 0.000258319, 4.3352e-05, 0, 7979, 1770, 0
0.00035778, 0.000279048, 7.6838e-05, 0, 8421, 1619, 0
0.0184579, 0.000316824, 6.5437e-05, 0, 7924, 1388, 0
0.000662033, 0.000460744, 0.000199397, 8.465e-06, 8650, 1729, 132
0.000553669, 0.000376583, 0.000174896, 0, 8580, 1657, 0
0.000531858, 0.000405069, 0.000124598, 4.98e-06, 7802, 1337, 66
0.000749277, 0.000589905, 0.000156685, 0, 8324, 1502, 0
0.000271559, 0.000217805, 5.236e-05, 0, 7879, 1524, 0
0.00102721, 0.000934828, 8.8197e-05, 0, 8189, 1347, 0
0.0286465, 0.000305206, 0.000113581, 0, 8075, 1554, 0
0.000560274, 0.000468338, 8.8155e-05, 0, 8277, 1452, 0
0.000583756, 0.000475103, 0.000105568, 0, 8260, 1440, 0
0.000845039, 0.000746734, 9.4722e-05, 0, 7971, 1135, 0
0.000429733, 0.000349537, 7.7708e-05, 0, 8721, 1436, 0
0.000905832, 0.000799269, 0.00010328, 0, 8764, 1466, 0
0.000382811, 0.000311997, 6.9322e-05, 0, 8511, 1530, 0
0.0260293, 0.000302947, 4.8535e-05, 0, 8784, 1783, 0
0.000498877, 0.000420803, 7.6085e-05, 0, 8579, 1923, 0
0.000374257, 0.000309909, 6.1166e-05, 0, 8807, 2095, 0
0.000484678, 0.00040693, 7.5063e-05, 0, 8088, 2066, 0
0.000711856, 0.000451273, 0.000257501, 0, 8576, 2152, 0
0.0476098, 0.000878909, 6.9466e-05, 0, 8163, 2007, 0
0.000421565, 0.000333913, 8.5963e-05, 0, 8292, 2221, 0
0.000628274, 0.000531411, 9.5373e-05, 0, 8699, 2283, 0
0.000555452, 0.000461072, 9.2989e-05, 0, 8655, 2348, 0
0.000855383, 0.000684505, 0.000167798, 0, 8585, 2387, 0
0.0008222, 0.000688081, 0.000131139, 0, 8069, 2232, 0
0.000641388, 0.000523661, 0.000114647, 0, 8069, 2253, 0
0.0307299, 0.000468493, 0.000157819, 0, 8206, 2196, 0
0.000521133, 0.000451807, 6.6644e-05, 0, 8138, 2171, 0
0.000480212, 0.000419528, 5.9294e-05, 0, 8197, 2167, 0
0.000773902, 0.000698618, 7.3099e-05, 0, 7864, 2008, 0
0.00378208, 0.000922459, 9.7806e-05, 0, 8413, 1917, 0
0.000677397, 0.000536893, 0.000138121, 0, 8725, 1970, 0
0.000455769, 0.00040195, 5.2131e-05, 0, 8645, 2039, 0
0.00048943, 0.000421909, 6.6032e-05, 0, 7787, 1844, 0
0.0209324, 0.000466592, 9.2822e-05, 0, 8092, 1874, 0
0.000563286, 0.000434328, 0.000126675, 0, 7967, 1948, 0
0.000719644, 0.000591381, 0.000124789, 0, 7973, 2070, 0
0.000587708, 0.000466195, 0.000119229, 3.871e-06, 8090, 2053, 99
0.000580452, 0.000454992, 0.000122979, 4.169e-06, 7958, 2019, 99
0.000480203, 0.000396431, 8.1489e-05, 0, 8351, 2005, 0
0.000589087, 0.00046055, 0.00012675, 2.978e-06, 7886, 2156, 66
0.00073688, 0.000533801, 0.000201094, 5.658e-06, 8682, 2414, 132
0.000976088, 0.000598715, 0.000374593, 1.1414e-05, 8518, 2908, 264
0.0364999, 0.000755913, 0.000197886, 2.183e-06, 7739, 2328, 33
0.000933753, 0.000651413, 0.000279163, 0, 7999, 2683, 0
0.00120478, 0.000895941, 0.000306851, 2.878e-06, 7697, 2914, 33
0.035316, 0.000484987, 0.000289584, 4.565e-06, 8122, 2868, 66
0.000995437, 0.000502978, 0.000489384, 4.7629e-05, 7915, 3008, 132
0.000433916, 0.000335781, 9.6249e-05, 2.878e-06, 8281, 2615, 99
0.0018079, 0.000456639, 0.000242211, 3.175e-06, 8187, 2368, 33
0.000381922, 0.000304227, 7.5908e-05, 0, 8041, 2143, 0
0.000437831, 0.000354988, 8.1455e-05, 0, 8753, 2541, 0
0.000618698, 0.000452713, 0.000164397, 4.961e-06, 8685, 2608, 99
